Origin,Dest,1975,1976,1977,1978,1979,1980,1981,1982,1983,1984,1985,1986,1987,1988,1989,1990,1991,1992,1993,1994,1995,1996,1997,1998,1999,2000,2001,2002,2003,2004,2005,2006,2007,2008,2009
SDN,ARE,,,,,,,,,,,,,,,,,,,5,8,11,14,14,14,8,8,8,8,8,7,7,18,18,17,15
DEU,ECU,,,,,,,,,,,,,,,,,,,,,,,,,,,,,,,,,1,1,1
UGA,GBR,,,,,,,,,,,,,,905,1442,1734,1757,2866,3907,3893,3865,3838,3879,3620,,3150,3195,2335,1624,1818,1863,1870,1816,1760,1601
IRN,JPN,,,,,,,,,,50,,,,,,,,,,,,5,2,2,13,16,30,39,39,39,37,43,42,36,31
PHL,TUR,,,,,,,,,,,,,,,,,,,,,,,,,,,,,2,,1,,1,1,1
ZAF,LSO,190,900,930,990,500,10000,11500,11500,11500,11660,11500,11500,4000,4230,4248,212,208,103,35,35,,,,,,,,,,,,,,,
PRY,USA,,,,,,,,,,,,,,,,,,,,,,1,2,2,3,4,,11,9,10,14,19,19,19,22
COL,HUN,,,,,,,,,,,,,,,,,,,,,,,,,,,,,,,,1,1,1,1
MUS,GBR,,,,,,,,,,,,,,,,,,,,,,,,,,,,,,4,7,9,9,9,9
KHM,NLD,,,,,,,,,,,,,,,,,,95,95,95,99,104,102,102,,31,40,40,41,41,41,46,14,14,19
MWI,MOZ,30000,,,,,,,,,,,,,,,50,50,50,,,,,,,,,,,,,,,,,
BRN,DEU,,,,,,,,,,,,,,,,,,,,,,,,,,,,1,,,,,,,
COL,PRY,,,,,,,,,,,,,,,,,,,,,,,,,,,,,,3,4,4,8,14,18
SOM,TUR,,,,,,,,,,,,,,,,,,,,,,,25,17,12,11,13,23,29,70,66,139,668,862,922
LKA,DEU,,,,,,,,,,,,,,,,,,,,,,,,,,,,17403,15121,12850,15304,5832,6388,6594,12248
ARG,DNK,,,,,,,,,,,,,,,73,36,26,7,7,7,7,7,,,,,,,,,,,,,
AFG,TJK,,,,,,,,,,,,,,,,,,3000,300,695,928,1161,2164,3622,4531,15354,15336,3427,3304,1816,1006,917,1126,1790,2673
ERI,UGA,,,,,,,,,,,,,,,,,,,,,,,,2,16,27,3,3,10,12,4,6,139,796,3046
IRQ,LBR,,,,,,,,,,,,,,,,,,,3,3,2,2,2,2,2,1,3,3,3,,3,3,3,3,3
GBR,CAN,,,,,,,,,,,,,,,,,,,,106,73,41,39,38,,32,27,27,22,21,29,32,59,61,57
NIC,CRI,,,,130000,15050,960,2000,3000,3910,8100,15200,22000,22600,31988,38560,33021,28128,27842,19964,19504,18747,17990,17842,17732,17532,2715,2636,2635,2632,619,619,619,619,619,620
ROU,ITA,,,,,,772,854,967,941,882,921,934,900,868,817,869,740,593,537,485,439,393,360,332,,84,56,43,43,57,73,74,74,73,73
NOR,CAN,,,,,,,,,,,,,,,,,,,,2,,,2,2,,2,2,,,,1,1,1,1,1
MKD,FIN,,,,,,,,,,,,,,,,,,,,,,,,9,9,9,9,9,12,13,13,14,15,8,9
PER,CRI,,,,,,,,,,,,,,,,,,,,,,,,,5,223,233,236,230,230,230,230,230,230,230
NGA,ETH,,,,,,,,,,,,,,,,,,,,,,,,,,,,,,,,,3,1,0
MNG,DEU,,,,,,,,,,,,,,,,,,,,,,,,,,,,196,171,167,193,202,178,186,178
SOM,SEN,,,,,,,,,,,,,,,,,,,1,,,9,6,7,7,7,7,7,7,7,5,3,3,3,3
LBY,NZL,,,,,,,,,,,,,,,,,,,,,,2,7,7,,7,6,1,2,8,9,8,8,8,8
ZAF,GMB,,,,,,,,,,,,,,,,,,,1,,,,,,,,,,,,,,,,
CMR,USA,,,,,,,,,,,,,,,,,,19,45,119,271,423,547,755,1006,1376,1849,2759,2962,3414,4684,6713,7068,7279,7420
BFA,SWE,,,,,,,,,,,,,,,,,6,6,6,6,6,6,6,6,,6,,,,1,1,1,1,2,2
BEN,CHE,,,,,,,,,,,,,,,,,,,,,,,,1,1,1,1,1,1,2,9,6,12,21,25
MEX,NLD,,,,,,,,,,,,,,,,,,,,,,,,,,,,,,,1,1,1,1,1
YEM,GBR,,,,,,,,,,,,,,1,1,5,10,10,10,10,10,10,10,10,,5,,,33,48,65,75,88,109,141
GEO,AUS,,,,,,,,,,,,,,,,,,,,,,8,8,2,7,8,14,16,16,11,9,3,14,14,10
RUS,KAZ,,,,,,,,,,,,,,,,,,,,,,6000,548,532,7043,12671,11895,13695,13684,13684,5000,3713,3692,3692,3692
MEX,FRA,,,,,,,,,,,,,,,,,,,,,,5,,7,,,,,,,,5,,5,5
ZWE,NOR,,,,,,,,,,,,,,,,,,,,,,,,,,,,,2,5,10,10,14,14,16
KWT,ECU,,,,,,,,,,,,,,,,,,,,,,,,,,,,,,,,,1,1,1
GHA,BEL,,,,,,,,,,,,,,,,,,,,,,112,112,69,47,55,17,7,7,6,4,8,4,4,8
LKA,RUS,,,,,,,,,,,,,,,,,,,,,,,,,,,,,,,2,2,1,,
ESH,MYS,,,,,,,,,,,,,,,,,,,,,,,,,,,,,,,,,,1,1
COD,KEN,,,,,,,,,,,,,,60,,,200,,,,,206,139,388,251,251,1297,1134,1153,2367,2306,2385,2674,2927,3608
MDA,GBR,,,,,,,,,,,,,,,,,,,,,,,,,,,,25,95,245,264,278,287,289,293
CPV,USA,,,,,,,,,,,,,,,,,,,,,,1,1,1,1,1,,,,,,,,,
TCD,MAR,,,,,,,,,,,,,,,,,,,,,,,,,,9,9,10,10,10,2,2,2,4,5
CAF,FRA,,,,,,,,,,,,,,,,,,,,,,61,61,63,65,82,118,220,309,383,440,468,497,530,565
RUS,SVN,,,,,,,,,,,,,,,,,,,,,,,,,,,,,4,5,6,7,7,7,7
POL,BRA,,,,,,,,,,,,,,,,,,,,,,,,,,,,,,,1,2,2,2,2
PAK,KHM,,,,,,,,,,,,,,,,,,,,,,,,,,,,,,,,1,1,1,1
ARG,IRL,,,,,,,,,,,,,,,,,,,,,,,,,,,,1,1,1,1,1,1,1,1
PAK,TUR,,,,,,,,,,,,,,,,,,,,,,,,,,,,,,,,,,,4
IRN,FIN,,,,,,,,,,,,,,,,,,,,,,,,1526,1812,2496,2550,1222,1402,1569,1683,1806,238,260,278
FRA,TUN,,,,,,,,,,,,,,,,,,,,,,,,,,1,,,,,,,,,
TCD,DEU,,,,,,,,,,,,,,,,,,,,,,,,,,,,47,49,37,46,29,33,34,39
DZA,CHE,,,,,,,,,,,,,,,,,,,,,,26,115,42,172,186,217,226,254,284,297,265,242,217,211
AGO,MYS,,,,,,,,,,,,,,,,,,,,1,,,,,,,,,,,,,,,
CMR,LBY,,,,,,,,,,,,,,,,,,,,,,,,,,,,,,,,,1,1,2
UZB,USA,,,,,,,,,,,,,,,,,,,,,,119,169,240,1108,1853,2634,3161,3260,3017,2810,5202,1423,1568,1697
CPV,CHE,,,,,,,,,,,,,,,,,,,,,,,,,,,,,,,,,,,0
SOM,CUB,,,,,,,,,,,,,,,,,,,,,,,,,,,,,,,,,,,1
RWA,NOR,,,,,,,,,,,,,,,,,,,,,,,55,144,196,207,253,307,344,367,408,444,150,158,156
DZA,IDN,,,,,,,,,,,,,,,,,,,,,,4,,3,2,2,2,5,3,4,,,,,
MAR,NOR,,,,,,,,,,,,,,,,,,,,,,,2,2,8,6,7,5,6,9,7,10,13,15,15
KAZ,PRT,,,,,,,,,,,,,,,,,,,,,,,,,,,,4,4,4,4,4,4,4,4
BDI,MLI,,,,,,,,,,,,,,,,,,,,,,32,39,38,37,38,38,40,43,49,50,50,51,51,51
SAU,AUS,,,,,,,,,,,,,,,,,,,,,,3,3,3,3,3,1,4,5,5,16,28,16,16,16
ERI,BHR,,,,,,,,,,,,,,,,,,,,,,,,,,,,,,,,1,,,
AGO,USA,,,,,,,,,,,,,,212,149,133,151,115,102,90,54,19,22,38,77,134,217,266,208,232,254,372,253,248,250
GEO,KAZ,,,,,,,,,,,,,,,,,,,,5,,,3,3,10,10,,,,,,,,,
NIC,ESP,,,,,,,,,,,,,,,,,4,4,4,,,,,,,,,,,,,,,,
CUB,RUS,,,,,,,,,,,,,,,,,,,,,,,,,,,,,,,,2,2,10,7
IND,MRT,,,,,,,,,,,,,,,,,,,,,,,,,,,,,,,,,1,1,1
MRT,BFA,,,,,,,,,,,,,,,,,,,2,,,,12,10,10,10,,,,1,2,2,,,1
COD,DEU,,,,,,,,,,,,,,,,,,,,,,,,,,,,7370,7096,6668,6280,3563,4202,4418,6093
IRQ,CHN,,,,,,,,,,,,,,,,,,,10,11,,,,4,,1,2,2,3,2,5,5,42,23,34
PRK,SGP,,,,,,,,,,,,,,,,,,,,,,1,,,,,,,,,,,,,
MOZ,LBR,,,,,,,,,,,,,,,,,,,7,7,6,6,,,,,,,,,,,,,
TGO,MRT,,,,,,,,,,,,,,,,,,,,,,,,,,,,,,,25,36,48,51,51
IND,CAN,,,,,,,,,,,,,,,,,,,,1124,1496,1868,2048,2296,,3196,3803,3807,3514,3589,3512,3750,7114,6718,6245
PAN,CAN,,,,,,,,,,,,,,,,,,,,143,113,83,44,29,,21,25,15,8,14,19,26,43,45,44
LBR,SWE,,,,,,,,,,,,,,,,1,14,22,22,30,36,43,44,48,,48,37,32,142,171,175,196,34,31,32
NGA,COD,,,,,,,,,,,,,,,,,,,,,,1,,,,,,,,,,,,,
CUB,DOM,,,,,,,,,,,,,,,,,,,69,30,30,30,31,4,6,34,,,,,,,,,
TGO,THA,,,,,,,,,,,,,,,,,,,,,,,,,,,,,,,,,1,1,1
IRN,DNK,,,,,,,,,,,,,,,2808,3186,3552,3730,3980,4117,3811,3506,2920,2251,2816,2460,1774,1771,1691,1665,1755,1617,771,805,864
CIV,MLI,,,,,,,,,,,,,,,,,,,,,,,7,1,,,,617,1504,2704,2712,2066,2088,2078,2028
BIH,ARG,,,,,,,,,,,,,,,,,,,,,,,,8,8,8,8,8,8,8,8,8,8,6,6
SDN,NAM,,,,,,,,,,,,,,,,,,,,,,,2,1,8,,,,4,2,2,,,,5
DJI,CZE,,,,,,,,,,,,,,,,,,,,,,,,,,,,,,,,,2,2,2
CRI,DEU,,,,,,,,,,,,,,,,,,,,,,,,,,,,7,4,8,,31,26,23,8
LBR,MOZ,,,,,,,,,,,,,,,,,,,,2,,,,,,,,,,,1,1,1,1,1
NOR,USA,,,,,,,,,,,,,,,,,,,,,,1,1,1,1,1,,,1,1,1,1,1,1,1
BGR,TUR,300,,,290,,,,,,,,,,,,,,,,,,60,,,,,,,,,,,,,
IRN,FJI,,,,,,,,,,,,,,,,,,,,,,2,,,,,,,,,,,,,
EST,FRA,,,,,,,,,,,,,,,,,,,,,,22,23,23,,,14,14,12,11,11,10,10,10,10
RUS,POL,,,,,,,,,,,,,,,,,,,,,,,7,8,11,37,244,469,674,1671,3785,6024,9355,12034,14510
DZA,BRA,,,,,,,,,,,,,,,,,,,,,,,5,5,5,7,7,6,6,5,6,5,5,6,7
THA,NZL,,,,,,,,,,,,,,,,,,,,,,,,,,,,3,3,3,3,3,1,1,1
BEN,NGA,,,,,,,,,,,,,,,,,,,23,23,23,23,23,23,23,23,23,23,,,,,,,
AFG,LKA,,,,,,,,,,,,,,,,,,,,6,3,1,1,9,9,1,1,1,12,15,4,4,3,3,0
BIH,ZWE,,,,,,,,,,,,,,,,,,,14,37,,,,5,5,,5,5,5,9,,,,,
BOL,NOR,,,,,,,,,,,,,,,,,,,,,,,,,4,4,4,,,,,,,,
UKR,IRL,,,,,,,,,,,,,,,,,,,,,,,,,,10,24,57,88,136,162,163,197,199,193
VEN,PER,,,,,,,,,,,,,,,,,,,130,,,,,,,,,,,1,1,1,7,10,12
TUR,CHE,,,,,,,,,,,,,,,,,,,2801,3410,3640,3870,5549,4580,5952,6229,6171,5859,5779,5613,5501,5516,5345,5245,4900
COG,CUB,,,,,,,,,,,,,,,,,,,,,,,,,2,4,,,2,2,1,1,,,
LBR,TUN,,,,,,,,,,,,,,,,,,,,,,1,,,2,2,,,,,,,,,
BOL,CRI,,,,,,,,,,,,,,,,,,,,,,,,,,,,,,,,,,8,8
BFA,AUT,,,,,,,,,,,,,,,,,,,,,,,,,,,,1,1,1,1,3,3,5,5
FRA,AUT,,,,,,,,,,,,,,,,,,,,,,,,,,,,,1,1,1,1,1,1,1
BGD,NZL,,,,,,,,,,,,,,,,,,,,,,4,4,4,,,1,1,2,3,3,2,2,6,7
COD,EGY,,,,,,,,,,,,,,,,,,,7,7,7,8,28,16,13,,9,10,8,15,14,20,25,26,29
UGA,NLD,,,,,,,,,,,,,,,,,,22,22,22,28,34,36,34,,31,44,53,58,66,67,90,95,112,126
ESP,DEU,,,,,,,,,,,,,,,,,,,,,,,,,,,,40,40,38,39,2431,18,6,3
IRN,JOR,,,,,,,,,,,,,,,,,,,,,,1,,1,,,,,,,,,,,0
SLV,MEX,,,,,,44000,140000,120000,120000,120000,120000,120000,120000,119894,3847,4033,4200,4157,4009,3324,2339,1354,1332,1324,1995,1960,1937,1913,1687,1681,1680,1679,869,171,183
LBY,SVK,,,,,,,,,,,,,,,,,,,,,,,,,,,,,,,,,,,1
CAF,BEN,,,,,,,,,,,,,,,,,,,,,,,2,2,2,6,33,52,48,42,37,4,11,9,11
GIN,CIV,300000,500000,,,,,,,,,,,,,,,,,2,2,,,4,4,4,,2,3,7,7,7,5,2,3,3
FJI,NZL,,,,,,,,,,,,,,,,,,,,,,,,,,,,,,,,,,1,2
SDN,THA,,,,,,,,,,,,,,,,,,,,,,,,,,,,,3,4,6,5,3,1,0
IDN,PNG,,,,1000,1000,1000,150,2200,1230,10950,11750,11290,9620,9241,7715,7080,6089,6679,7665,8456,9315,10175,8198,8198,,5862,4941,4941,7491,7626,9991,10177,10000,10000,9689
SEN,TGO,,,,,,,,,,,,,,,,,,,,,,,,,,,,1,1,1,1,,,,
COD,CYP,,,,,,,,,,,,,,,,,,,,,,,,,,,,,,1,8,8,8,8,8
QAT,GBR,,,,,,,,,,,,,,,,,,,,,,,,,,,,,,,1,1,1,2,2
RWA,MRT,,,,,,,,,,,,,,,,,,,,2,2,2,3,,,,,,,,,,,,
UZB,HRV,,,,,,,,,,,,,,,,,,,,,,,,,,,,,,,,,,,3
DZA,LIE,,,,,,,,,,,,,,,,,,,,,,,,,,,1,2,2,2,2,1,1,1,1
ISR,NOR,,,,,,,,,,,,,,,,,,,,,,,,,,,,,,,,2,5,5,8
CHL,MEX,,,,,,,,1000,,,,,980,,,,,,579,534,,,17,17,19,18,18,8,4,2,2,2,2,2,2
RUS,NGA,,,,,,,,,,,,,,,,,,,6,,,,,,,,,,,,,,,,
CAF,NGA,,,,,,,,,,,,,,,,,,,7,8,,,8,8,,,14,14,14,14,6,6,7,7,7
CUB,GTM,,,,,,,,,,,,,,,,,,,,,,16,17,9,9,9,8,8,9,7,8,9,9,1,1
TTO,CAN,,,,,,,,,,,,,,,,,,,,12,12,12,14,18,,14,16,17,22,21,42,91,145,164,186
CMR,NOR,,,,,,,,,,,,,,,,,,,,,,,2,6,9,14,28,28,32,34,36,36,31,29,30
RWA,COM,,,,,,,,,,,,,,,,,,,,,,,,,,8,2,,,,,,,,
POL,DNK,,,,,,,,,,,,,,,727,740,731,643,643,643,516,390,154,21,34,12,1,3,3,3,2,2,2,2,2
MNG,IRL,,,,,,,,,,,,,,,,,,,,,,,,,,,,,,,,,,2,2
IND,BGR,,,,,,,,,,,,,,,,,,,,,,,,,,,1,1,2,2,2,2,2,2,2
HRV,CYP,,,,,,,,,,,,,,,,,,,,,,,,,,,,,,,,,1,1,1
SDN,MWI,,,,,,,,,,,,,,,,,,,,,,1,,2,2,,,3,3,3,3,,,3,2
WSM,DEU,,,,,,,,,,,,,,,,,,,,,,,,,,,,,,,,3,2,4,0
ESH,ECU,,,,,,,,,,,,,,,,,,,,,,,,,,,,,,2,2,2,4,4,5
LBN,BRA,,,,,,,,,,,,,,,,,,,,,19,18,19,25,23,23,19,14,14,14,38,27,27,27,29
NAM,ZWE,,,,,,,,,,,,,,,,,,,9,9,,,,,,,,,,2,,,,,
GMB,CZE,,,,,,,,,,,,,,,,,,,,,,,,,,,,,,,,,2,2,2
CHN,BEL,,,,,,,,,,,,,,,,,,,,,,,,85,13,52,6,5,10,33,97,149,225,273,384
IND,GBR,,,,,,,,,,,,,,4,4,179,369,829,859,890,925,960,980,1010,,1275,1145,775,851,838,819,827,832,820,674
ETH,GHA,,,,,,,,,,,,,,,,,,,7,7,7,7,7,6,6,6,5,5,,,,,,1,3
LBR,ERI,,,,,,,,,,,,,,,,,,,3,,,,,,,,,,,,,,,,
BGR,CHE,,,,,,,,,,,,,,,,,,,149,120,,,,45,45,36,40,39,38,25,17,21,19,22,5
ARM,AUT,,,,,,,,,,,,,,,,,,,,,,,,1,2,22,28,38,64,111,174,309,468,715,797
KGZ,ECU,,,,,,,,,,,,,,,,,,,,,,,,,,,,,,,,,,,2
DJI,NOR,,,,,,,,,,,,,,,,,,,,,,,,,1,1,1,,,,,,,,
GIN,SWE,,,,,,,,,,,,,,,,,1,7,7,7,7,7,7,7,,7,8,3,3,11,14,16,25,32,41
BRA,USA,,,,,,,,,,,,,,,,,,,2,4,25,46,60,90,151,173,195,231,158,199,261,436,502,528,594
PHL,POL,,,,,,,,,,,,,,,,,,,,,,,,,,,,,,,,,,,1
TCD,SDN,,,,,1000,4000,9000,2000,1000,121000,123000,95000,75000,70000,68503,130613,20700,16000,141400,141400,72900,4400,4400,4400,4400,4400,,,5023,5023,5023,25023,45024,41202,41138
CHN,COL,,,,,,,,,,,,,,,,,,,4,5,,,5,5,5,5,5,5,1,1,1,1,1,1,1
BLR,NLD,,,,,,,,,,,,,,,,,,,,,,10,10,10,,14,24,33,43,49,68,75,87,97,100
GEO,POL,,,,,,,,,,,,,,,,,,,,,,,6,6,7,15,17,17,23,23,24,24,20,20,19
IRN,TCD,,,,,,,,,,,,,,,,,,,,,,,3,5,5,5,5,5,,,,,,,
ZAF,GRC,,,,,,,,,,,,,,,,,,,2,3,,,,,,,,,,,,,,,
IND,CHL,,,,,,,,,,,,,,,,,,,,,,,,,,1,1,1,1,1,1,1,1,1,
ETH,BWA,,,,,,,,,,,,,,,,,,,12,,5,5,3,2,2,6,12,15,15,15,9,9,6,4,3
CZE,SRB,,,,,,,,,,,480,,,,,,,,,,,,,,,,,,,,,,,,
GNB,HUN,,,,,,,,,,,,,,,,,,,,,,,,,,,,,,,,,1,1,1
ALB,EGY,,,,,,,,,,,,,,,,,,,,,,,,,,,3,,,,,,,,
VEN,BOL,,,,,,,,,,,,,,,,,,,,,,,,,,,,,,,,,1,1,1
LAO,CHE,,,,,,,,,,,,,,,,,,,640,565,,,,281,268,251,238,217,204,192,188,182,179,172,164
RUS,LUX,,,,,,,,,,,,,,,,,,,,,,,,,,,,,,,,,,,0
ECU,ECU,,,,,,,,,,,,,,,,,,,,,,,,,,,,,,,,,24,,
BGR,FRA,,,,,,,,,,,,,,,,,,,,,,412,419,326,208,129,105,88,80,73,70,80,81,83,84
YEM,DEU,,,,,,,,,,,,,,,,,,,,,,,,,,,,358,494,542,296,161,242,358,396
SOM,TZA,,,,,,,,,,,,,,,,,1000,1200,2513,3348,4088,4829,3000,4200,3300,2991,3424,3493,3330,2867,2663,2086,2059,1525,1447
RWA,LBR,,,,,,,,,,,,,,,,,,,,,,,,,,1,1,1,1,1,2,1,1,1,1
SWE,USA,,,,,,,,,,,,,,,,,,,,,,1,1,1,1,1,,1,4,4,4,4,4,4,9
BLZ,USA,,,,,,,,,,,,,,,,,,,,,,,,,6,7,,,9,6,5,13,13,13,11
TZA,CHE,,,,,,,,,,,,,,,,,,,,,,,,,,,,3,3,3,3,4,4,1,10
ERI,FRA,,,,,,,,,,,,,,,,,,,,,,2,,3,,,17,20,22,31,63,104,162,222,369
IRN,UKR,,,,,,,,,,,,,,,,,,,,,,140,157,181,26,24,28,28,28,27,30,35,34,34,38
CHN,ISL,,,,,,,,,,,,,,,,,,,,,,,2,2,2,,,,,,,,,,1
PER,DOM,,,,,,,,,,,,,,,,,,,,,,1,2,2,2,,,,,,,,,,
USA,NOR,,,,,,,,,,,,,,,,,,,,,,,,,,,,,,,,,,2,2
GNQ,FRA,,,,,,,,,,,,,,,,,,,,,,21,26,28,32,25,25,22,25,27,29,30,30,30,31
UGA,EST,,,,,,,,,,,,,,,,,,,,,,,,,,,,,,,,,,,1
CMR,BOL,,,,,,,,,,,,,,,,,,,,,,,,,,,,,,,,1,1,1,1
GIN,EGY,,,,,,,,,,,,,,,,,,,,,,,,,,,,,,1,1,1,1,1,1
TKM,GBR,,,,,,,,,,,,,,,,,,,,,,,,,,,,,5,11,18,24,33,33,36
BEL,CAN,,,,,,,,,,,,,,,,,,,,2,3,5,9,9,,10,6,2,3,1,1,1,2,7,12
ECU,PER,,,,,,,,,,,,,,,,,,,,,,,2,,,,,,,1,2,2,2,2,1
CAF,CMR,,,,,,,,15000,,,,,,,,,,,,,166,168,,,,,348,350,379,630,712,22342,48498,66602,85824
PAN,VEN,,,,,,,,,,,,,,,,,,,9,9,6,4,4,,,,,,,,,,,,
ERI,LBN,,,,,,,,,,,,,,,,,,,,,,,,,,,2,1,2,2,,,6,5,3
CIV,SWE,,,,,,,,,,,,,,,,1,10,20,23,29,29,30,30,34,,33,25,18,17,13,26,37,33,37,40
BGD,SVK,,,,,,,,,,,,,,,,,,,,,,,,,,,,,,,,,,1,1
ALB,ESP,,,,,,,,,,,,,,,,,,,4,8,9,11,25,28,36,46,47,47,43,40,52,50,36,32,24
KWT,IRN,,,,,,,,,,,,,,,,,,,,,,,,,,,,,,,,,,11,11
BIH,ISR,,,,,,,,,,,,,,,,,,,,,,,,,,,1,1,1,,,,,,
PAK,FRA,,,,,,,,,,,,,,,,,,,,,,134,130,129,125,127,145,157,169,195,236,272,306,338,378
ETH,SYR,,,,,200,350,600,600,600,900,1100,,,210,,100,,,,,,,,1,1,,,,,1,4,8,7,9,7
LBY,NGA,,,,,,,,,,,,,,,,,,,,,,,,,,,,,1,1,1,1,1,1,1
BGD,MYS,,,,,,,,,,,,,,,,,,,,,,,,,,,,,,,2,2,6,4,4
BIH,GBR,,,,,,,,,,,,,,,,,,,,,,,,65,,65,65,65,69,71,83,87,93,34,37
COD,ISR,,,,,,,,,,,,,,,,,,,,,,,,,,,6,5,5,103,109,105,125,90,83
CMR,HUN,,,,,,,,,,,,,,,,,,,,,,,,,,57,64,74,78,84,102,105,106,82,57
BIH,SVK,,,,,,,,,,,,,,,,,,,,,,,37,37,37,35,35,35,36,38,38,38,1,1,1
IRN,HKG,,,,,,,,,,,,,,,,,,,,,,,,,,,3,2,1,3,5,5,,1,4
UGA,IRL,,,,,,,,,,,,,,,,,,,,,,,,,,,4,18,21,24,40,48,63,76,81
ETH,PAN,,,,,,,,,,,,,,,,,,,,,,1,1,1,1,1,1,1,1,1,2,2,2,2,2
BGR,NZL,,,,,,,,,,,,,,,,,,,,,,,,,,,,,,,1,7,7,7,7
LKA,CYP,,,,,,,,,,,,,,,,,,,2,,,,,,1,3,4,4,2,4,5,5,5,6,11
IRQ,PRT,,,,,,,,,,,,,,,,,,,,,,2,3,3,,3,3,4,4,4,4,4,5,5,6
KEN,ETH,,,,,,,,,,,,,,,,,,,4,8188,8433,8678,8671,4941,4783,3,3,5,5,5,,,2644,2645,2732
AGO,AUT,,,,,,,,,,,,,,,,,,,,,,,,15,16,17,23,33,54,79,94,112,131,144,158
ALB,USA,,,,,,,,,,,,,,295,296,349,1628,2711,3127,3298,2954,2611,1999,2286,2886,3549,4174,4534,3952,4004,4399,7792,7749,7232,6721
LKA,EGY,,,,,,,,,,,,,,,,,,,,,,,,,,,,1,2,3,2,2,1,1,1
LBN,RUS,,,,,,,,,,,,,,,,,,,,,,,,,,,,,,,5,5,2,9,6
AUT,AUS,,,,,,,,,,,,,,,,,,,,,,4,12,12,15,14,13,5,4,,2,2,,,
AFG,ETH,,,,,,,,,,,,,,,,,,,,,,,,,,3,3,3,3,4,1,1,1,1,1
NER,NOR,,,,,,,,,,,,,,,,,,,,,,,1,1,1,1,6,12,18,22,22,22,22,22,22
COD,UKR,,,,,,,,,,,,,,,,,,,,,,30,45,45,20,13,14,14,14,13,12,10,11,42,56
BOL,ECU,,,,,,,100,70,,,,,,,,,,,,,,,,,,,,,,,,,,,
DEU,CAN,,,,,,,,,,,,,,,,,,,,441,415,390,401,614,,1125,988,895,663,17,18,28,41,73,81
ETH,ISL,,,,,,,,,,,,,,,,,,,,,,,1,1,1,,,,,,,,,,
MRT,NLD,,,,,,,,,,,,,,,,,,10,10,23,49,76,119,132,,172,186,193,201,189,175,140,93,80,62
SVN,CHE,,,,,,,,,,,,,,,,,,,,,,,,1,,2,4,5,4,3,2,2,2,1,1
ZWE,HUN,,,,,,,,,,,,,,,,,,,,,,,,,,,,,1,2,5,6,7,6,6
MLI,UKR,,,,,,,,,,,,,,,,,,,,,,2,5,10,2,2,2,2,2,2,2,2,2,2,2
ARM,SWE,,,,,,,,,,,,,,,,,,,,56,58,60,65,99,,187,245,307,352,346,411,445,566,597,630
CIV,GMB,,,,,,,,,,,,,,,,,,,,,,,,,,,,,1,1,29,70,70,59,44
MYS,USA,,,,,,,,,,,,,,,,,,,,,,1,1,6,25,29,,,79,93,130,156,166,170,176
FRA,DEU,,,,,,,,,,,,,,,,,,,,,,,,,,,,59,59,58,241,23,15,12,2
MKD,MEX,,,,,,,,,,,,,,,,,,,,,,,,,,,,,,,,,1,1,1
MKD,NOR,,,,,,,,,,,,,,,,,,,,,,,1,1,35,37,41,6,6,6,6,6,6,6,6
UZB,ESP,,,,,,,,,,,,,,,,,,,,,,1,1,1,1,1,1,1,1,1,,1,1,2,2
COG,LBR,,,,,,,,,,,,,,,,,,,,,,,,,,1,1,1,1,,,,,,
COL,TTO,,,,,,,,,,,,,,,,,,,,,,,,,,,,,,,,,5,5,5
KHM,CHN,,,,,,,,,,,,,,,,,,,,,,24,20,,,,,,,,,,,,
TTO,USA,,,,,,,,,,,,,,,,,,,,,,3,6,7,7,10,,13,12,17,19,33,42,46,49
SEN,BEN,,,,,,,,,,,,,,,,,,,,,,,,,,,,,,,,2,2,,
ARG,MEX,,,,,,,,980,,,,,,,,,,,27,27,,,2,2,4,4,4,2,,,,,,,
GHA,GMB,,,,,,,,,,,,,,,,,,,2,,,,,,,,,2,,,,,,,
ETH,TZA,,,,,,,,,,,,,,,,,,,,,,,,,,,,,,,,,,8,
PRY,SWE,,,,,,,,,,,,,,,,19,8,5,5,5,5,5,5,5,,4,,,,,,,,,
TUR,FIN,,,,,,,,,,,,,,,,,,,,,,,,154,171,184,263,226,268,294,321,331,328,337,339
TGO,ITA,,,,,,,,,,1,5,5,5,5,5,5,5,5,5,4,,,1,1,,13,37,68,136,228,483,959,1236,1387,1483
AUS,CAN,,,,,,,,,,,,,,,,,,,,2,1,1,1,,,,,,,1,2,3,2,2,2
SRB,LKA,,,,,,,,,,,,,,,,,,,,4,,,,,,,,,,,,,,,
ETH,GAB,,,,,,,,,,,,,,,,,,,,,,,,,,,1,2,2,2,2,2,1,1,1
ERI,IRL,,,,,,,,,,,,,,,,,,,,,,,,,,3,7,7,8,21,48,55,85,105,118
TGO,ARG,,,,,,,,,,,,,,,,,,,,,,,,,,,,,,,,,1,1,1
KHM,AUS,,,,,,,,,,,,,,,,,,,,,,1857,1964,1942,1224,615,156,48,27,20,23,15,26,15,16
COL,GTM,,,,,,,,,,,,,,,,,,,,,,1,1,,1,,2,2,2,1,2,2,1,,1
SDN,PHL,,,,,,,,,,,,,,,,,,,,,,,,,,,1,1,,,1,1,1,1,1
NGA,CHN,,,,,,,,,,,,,,,,,,,,,,,,,,,1,1,,,,,,,
SRB,BRA,,,,,,,,,,,,,,,,,,,,,28,44,44,49,52,61,64,66,66,64,78,69,70,70,77
CAF,ITA,,,,,,,,,,,,,,,,,,,,,,,1,1,,2,2,2,2,4,4,4,6,10,13
ISR,BOL,,,,,,,,,,,,,,,,,,,,,,,,,,,,,,,1,1,1,1,1
KAZ,CZE,,,,,,,,,,,,,,,,,,,,,,,,,,,6,6,17,27,42,73,79,90,95
ARM,NOR,,,,,,,,,,,,,,,,,,,,,,,3,3,15,30,64,61,61,69,70,73,81,83,74
CMR,KOR,,,,,,,,,,,,,,,,,,,,,,,,,,,,,4,5,4,4,4,4,4
ARM,ROU,,,,,,,,,,,,,,,,,,,,,,,,,1,1,1,1,1,1,1,1,1,1,0
CMR,ARG,,,,,,,,,,,,,,,,,,,,,,,,,,,,,,,1,2,3,4,5
RWA,DNK,,,,,,,,,,,,,,,2,2,1,,4,4,4,4,13,68,105,130,133,175,186,195,198,200,129,113,101
CIV,BFA,,,,,,,,,,,,,,,,,,,,,,,1,,,1,1,1,1,3,3,5,20,21,21
PER,ARG,,,,,,,,,,,,,,,,,,,45,125,,,,275,299,324,307,324,365,418,457,470,485,618,588
UGA,LSO,,,,,,,,,,,,,,,,,,,,7,,,,,,,,,,,,,,,
TJK,LTU,,,,,,,,,,,,,,,,,,,,,,,,,,,,,,,,,,1,1
ESH,NAM,,,,,,,,,,,,,,,,,,,,,,,,,,,,,,,,,,1,1
LKA,COL,,,,,,,,,,,,,,,,,,,,,,,,,,,,,,,,,,,2
SOM,SRB,,,,,,,,,,,,,,,,,,,1,1,,,,,,,,,,,,,,1,0
RUS,SWZ,,,,,,,,,,,,,,,,,,,,,,,,4,4,4,4,4,4,4,4,4,4,4,0
LBR,ARG,,,,,,,,,,,,,,,,,,,33,32,,,,48,49,49,49,50,55,63,70,74,75,64,67
CIV,NGA,,,,,,,,,,,,,,,,,,,2,3,,,,,,,,2,3,12,42,43,39,36,36
KEN,HUN,,,,,,,,,,,,,,,,,,,,,,,,,,,1,1,2,2,3,3,5,5,5
KEN,DEU,,,,,,,,,,,,,,,,,,,,,,,,,,,,179,227,217,290,344,284,284,253
HRV,COL,,,,,,,,,,,,,,,,,,,,1,,,,,,,,,,,,,,,
IRQ,SVN,,,,,,,,,,,,,,,,,,,,,,,1,,,1,1,1,5,4,4,4,4,5,5
LVA,AUT,,,,,,,,,,,,,,,,,,,,,,,,,,,,,,,,,2,2,2
AGO,GBR,,,,,,,,,,,,,,16,66,81,96,108,123,128,146,165,281,340,,1105,1670,2545,3247,3349,3445,3452,3418,3378,3073
BDI,CAN,,,,,,,,,,,,,,,,,,,,476,637,778,900,941,,890,1159,1274,1524,1862,2064,2148,1498,1650,1827
ARM,USA,,,,,,,,,,,,,,,,,,2,30,105,504,904,1209,1534,1989,2806,4127,5143,4537,4600,5150,8039,7831,7731,7569
LBR,GNB,,,,,,,,,,,,,,,,3004,,,100,136,128,120,222,222,233,244,,10,22,22,62,88,96,109,115
SOM,KAZ,,,,,,,,,,,,,,,,,,,,6,,,,,,,,1,1,1,1,1,1,2,2
BDI,ZMB,,,,,,,,,,,,,,,,,,,,,,330,1746,1474,1629,1796,2417,1583,2059,1839,2089,1401,1405,1937,2087
ESP,ITA,,,,,,5,3,2,2,2,2,1,,,,,,,,,,,,,,,,,,,,,,,
SAU,IRL,,,,,,,,,,,,,,,,,,,,,,,,,,1,1,1,1,1,1,1,2,2,1
GHA,DNK,,,,,,,,,,,,,,,6,10,10,13,16,16,15,14,14,11,12,8,7,4,1,,,,,1,1
LBN,IRL,,,,,,,,,,,,,,,,,,,,,,,,,,,2,1,8,10,10,12,18,19,19
LBR,JAM,,,,,,,,,,,,,,,,,,,,,,1,1,1,1,1,,,,,,,,,
CMR,LTU,,,,,,,,,,,,,,,,,,,,,,,,,,,,,,,,,3,5,5
NGA,BGR,,,,,,,,,,,,,,,,,,,,1,3,5,,,,1,,,2,11,10,10,10,10,10
LBN,BEL,,,,,,,,,,,,,,,,,,,,,,177,177,124,46,88,26,40,32,34,22,14,28,41,50
AGO,SVK,,,,,,,,,,,,,,,,,,,,,,11,20,20,20,22,22,19,19,5,5,2,2,2,2
ERI,SAU,,,,,,,,,,,,,,,,,,,,,,,,,,,,,6,58,253,416,403,382,379
UKR,CYP,,,,,,,,,,,,,,,,,,,,,,,,,,,,,,4,12,14,18,21,28
MWI,GBR,,,,,,,,,,,,,,4,4,3,,,,,,,,,,,,,3,9,11,15,19,24,40
GEO,DNK,,,,,,,,,,,,,,,,,,,,,,,1,11,40,46,24,34,35,45,44,44,45,44,37
DZA,MEX,,,,,,,,,,,,,,,,,,,,,,,1,1,1,1,2,2,1,,1,1,1,1,1
MRT,GNB,,,,,,,,,,,,,,,,,,,1,,,,,,,,,,,,,,,,
MDG,MOZ,,,,,,,,,,,,,,,,,,,,,,,,,,,,,1,1,1,1,1,1,1
IRQ,MLT,,,,,,,,,,,,,,,,,,,136,324,232,141,118,77,50,25,25,57,70,130,110,100,87,68,63
AFG,ROU,,,,,,,,,,,,,,,,,,,,,,7,43,75,222,278,295,295,298,280,280,272,274,230,102
MMR,SAU,,,,,,,,,,,,,,,,,,,,,,,,,,,,,,,,,,1,1
GEO,SWE,,,,,,,,,,,,,,,,,,,,26,28,31,31,33,,40,43,51,78,77,96,106,139,148,165
DOM,DEU,,,,,,,,,,,,,,,,,,,,,,,,,,,,46,45,44,7,56,198,148,46
BIH,MAR,,,,,,,,,,,,,,,,,,,,,,,,,,9,9,9,8,8,,,,,
PAK,SYR,,,,,,,,,,,,,,,,,,,,,,,,,,,,,,9,,8,,,6
AGO,PAN,,,,,,,,,,,,,,,,,,,,,,,,1,,,,,,,,,,,
BTN,SWE,,,,,,,,,,,,,,,,,,,,2,3,4,4,4,,4,5,5,5,4,5,3,2,5,8
SLB,AUS,,,,,,,,,,,,,,,,,,,,,,,,,,,8,16,22,22,22,27,32,32,32
TUN,MEX,,,,,,,,,,,,,,,,,,,,,,,,,,,1,1,,,,,1,1,1
EGY,CHE,,,,,,,,,,,,,,,,,,,,,,,,21,31,35,36,30,32,32,31,31,38,36,36
UGA,HKG,,,,,,,,,,,,,,,,,,,,,,,,,,,,,,,,1,2,2,2
KEN,ISL,,,,,,,,,,,,,,,,,,,,,,,,,,,,,,,,,1,1,1
NAM,KEN,100,60,50,,,,,,,,70,70,70,,,60,,,,,,,,,,,,,,,,1,1,1,1
COG,HKG,,,,,,,,,,,,,,,,,,,,,,,,,,,,,,,2,6,7,1,0
LBN,CIV,,,,,,,,,,,,,,,,,,,,,,,,,,,,,,,,,1,1,1
IRQ,CZE,,,,,,,,,,,,,,,,,,,,,,43,65,72,69,68,67,75,83,86,86,88,102,108,166
EGY,THA,,,,,,,,,,,,,,,,,,,,,,,,,,,,,,1,3,2,2,2,0
TZA,AGO,,,,,,,,,,,,,,,,,,,,,,,,,,,,3,4,4,4,3,3,3,5
SDN,ARG,,,,,,,,,,,,,,,,,,,1,,,,,1,1,1,1,1,1,1,1,2,3,3,4
DZA,FRA,,,,,,,,,,,,,,,,,,,,20000,10092,185,243,277,305,353,477,604,726,865,1044,1166,1240,1268,1241
UZB,AZE,,,,,,,,,,,,,,,,,,,,29015,32348,35682,35682,33216,33216,,,,,,,,,,
ETH,CIV,,,,,,,,,,,,,,,,,,,10,19,,,17,16,16,13,13,13,13,13,13,10,1,1,1
TZA,NIC,,,,,,,,,,,,,,,,,,,,,,,,,,,,,,1,1,1,1,1,1
CIV,DEU,,,,,,,,,,,,,,,,,,,,,,,,,,,,658,664,627,813,239,265,307,494
EGY,IRQ,,,,,,,,,,,,,,,,,,,,,,,,,,,,,,,,,,7,0
MKD,CHE,,,,,,,,,,,,,,,,,,,,,,,60,32,42,62,80,84,114,131,145,153,161,160,159
DZA,LBR,,,,,,,,,,,,,,,,,,,,1,,,,1,1,1,1,1,1,1,1,1,1,1,1
ERI,BWA,,,,,,,,,,,,,,,,,,,,,,,,2,2,1,2,2,2,2,7,8,4,9,9
LKA,LTU,,,,,,,,,,,,,,,,,,,,,,,,,,,4,5,5,,1,1,1,1,7
MOZ,NOR,,,,,,,,,,,,,,,,,,,,,,,1,1,2,2,3,2,2,2,2,2,3,3,3
SLE,IND,,,,,,,,,,,,,,,,,,,,,,,,,,,,,,,1,1,1,1,0
DNK,CAN,,,,,,,,,,,,,,,,,,,,11,22,34,33,28,,21,3,2,2,2,,,3,3,3
MKD,HRV,,,,,,,,,,,,,,,,,,,,,,,,,,,52,41,1,,,,,,
SOM,ETH,,,,,,,,,,,,,60000,350067,324808,386000,513950,406147,228139,269739,278750,287761,249235,195345,180862,121096,67129,37532,28276,16470,15901,16576,25843,33625,58980
TZA,DNK,,,,,,,,,,,,,,,4,,,,,,,,,,,,10,10,10,10,,,,,
HTI,VEN,,,,,,,,,230,310,100,140,80,,,130,130,150,155,149,141,133,60,34,33,32,6,6,6,6,11,14,14,15,15
KAZ,IND,,,,,,,,,,,,,,,,,,,,,,,,,,,,,3,3,3,,,,
GNB,GAB,,,,,,,,,,,,,,,,,,,,,,,,,5,,,,,,,,,,
ERI,SYR,,,,,,,,,,,,,,,,,,,285,254,,,6,3,47,6,11,11,12,8,7,21,12,25,35
SYR,SDN,,,,,,,,,,,,,,,,,,,,,,,,,,,,1,1,1,1,,,,
TUN,TUR,,,,,,,,,,,,,,,,,,,,,,,7,,,1,,,,,1,1,2,2,2
MMR,GBR,,,,,,,,,,,,,,7,2,11,15,15,15,15,15,15,15,15,,5,,,40,51,80,196,250,390,517
HRV,NOR,,,,,,,,,,,,,,,,,,,,,,,74,267,1098,1344,1373,1392,1394,1383,1362,1336,1065,904,186
PRK,SWE,,,,,,,,,,,,,,,,,,,,,,,,,,,,2,2,2,6,7,7,7,8
LBY,TUR,,,,,,,,,,,,,,,,,,,,,,,3,3,1,,,,,,,,,,
CAF,GHA,,,,,,,,,,,,,,,,,,,2,1,,,,,,,,,1,1,1,,,,
BTN,DEU,,,,,,,,,,,,,,,,,,,,,,,,,,,,190,204,202,123,73,82,98,98
AUS,GRC,,,,,,,,,,,,,,,,,,,,,,,,,,,,,,1,1,1,1,1,0
GUY,NLD,,,,,,,,,,,,,,,,,,1,1,1,1,1,1,,,,,,,,,,,,
TJK,IRL,,,,,,,,,,,,,,,,,,,,,,,,,,2,9,8,4,4,4,4,9,9,9
ZAF,CAN,,,,,,,,,,,,,,,,,,,,123,82,42,26,17,,26,34,32,32,20,20,16,33,33,38
ZAF,SLE,,,,,,,,,,,,,,,,,,,3,1,1,1,,,,,,,,,,,,,
CMR,NPL,,,,,,,,,,,,,,,,,,,,,,,,,,,,,,,1,,,,
SAU,MYS,,,,,,,,,,,,,,,,,,,,,,,,,,,,,,,,,1,,
ALB,PRT,,,,,,,,,,,,,,,,,,,,,,1,1,1,,1,1,1,1,1,,,,,
TGO,BFA,,,,,,,,,,,,,,,,,,,33,,,,72,67,70,69,29,29,29,30,36,27,30,31,32
POL,ITA,,,,,,421,505,635,621,644,775,792,945,964,933,879,729,589,553,442,344,247,63,10,,2,2,2,2,2,1,1,1,1,1
MMR,PHL,,,,,,,,,,,,,,,,,,,,,,5,2,,,,,,,,1,6,3,4,4
LBR,TTO,,,,,,,,,,,,,,,,,,,,,,,,,,,,,,,,,2,4,4
TCD,USA,,,,,,,,,,,,,,,,1,1,1,1,1,1,1,46,102,150,156,,,86,85,136,317,260,306,371
SOM,CIV,,,,,,,,,,,,,,,,,,,1,,,,,1,1,1,1,1,1,1,,,,,
HUN,COL,,,,,,,,,,,,,,,,,,,55,55,42,30,30,30,30,30,29,28,28,23,10,10,10,9,7
GNB,HKG,,,,,,,,,,,,,,,,,,,,,,,,1,,,,,1,1,1,1,1,1,0
SEN,POL,,,,,,,,,,,,,,,,,,,,,,,,,,,,,,2,2,4,4,4,5
IRQ,*VA,,,,,,,,,,,,,,,,,,,,,,,,,,,,,,,,,,,0
SDN,RUS,,,,,,,,,,,,,,,,,,,,,,,,,,14,11,12,5,1,1,,,,3
TCD,CHE,,,,,,,,,,,,,,,,,,,,,,,,14,16,19,23,25,25,31,32,36,41,41,45
SWZ,ZWE,,,,,,,,,,,,,,,,,,,1,1,,,,,,,,,,2,,,,,
BOL,BRA,,,,,,,,,,,,,,,,,,,,,,,,,,,,,,,,,,,121
KAZ,CUB,,,,,,,,,,,,,,,,,,,,,,,,,,,,,,,,,,,1
VNM,PER,,,,,5430,,,,,,,,,,,,,,2,2,1,1,2,2,2,2,2,2,1,1,1,1,1,1,1
BIH,PER,,,,,,,,,,,,,,,,,,,9,9,14,19,13,5,6,6,6,6,6,6,6,6,6,6,6
BDI,KHM,,,,,,,,,,,,,,,,,,,,,,,,,,,,,,1,,,,,
ZWE,MDA,,,,,,,,,,,,,,,,,,,,,,,,,,,,,,,,1,1,1,1
ERI,YEM,,,,,,,,,,,,,,,,,,,1500,1500,2001,2503,2503,2503,2500,2566,75,71,86,101,122,206,415,603,767
TZA,BWA,,,,,,,,,,,,,,,,,,,1,,,,,,,,9,,,,,,,,
AGO,NGA,,,,,,,,,,,,,,,,,,,10,10,,,13,13,13,14,14,14,13,13,8,8,8,8,8
NER,GAB,,,,,,,,,,,,,,,,,,,,,,,,,6,1,1,,1,1,1,1,1,1,1
CHL,CUB,,,,,,,,,,,400,,,,700,,,,163,150,97,44,14,14,11,11,10,10,10,10,10,9,9,,
CIV,CZE,,,,,,,,,,,,,,,,,,,,,,,,,,,,,,,,,,,2
LKA,KOR,,,,,,,,,,,,,,,,,,,,,,,,,,,,,,,,,,,1
SLV,VEN,,,,,,,,,,,,,,,,,,,11,11,,,1,,,,,,,,,,,,
SDN,ZAF,,,,,,,,,,,,,,,,,,,,,,,,,,76,120,152,177,175,173,172,172,168,174
GTM,CUB,,,,,,,,,,,,,,,80,,,,5,2,4,6,6,3,3,3,3,3,3,3,3,3,3,,
ALB,DEU,,,,,,,,,,,,,,,,,,,,,,,,,,,,2073,1929,1604,3036,963,1011,1076,2310
EGY,HUN,,,,,,,,,,,,,,,,,,,,,,,,,,,,,1,1,1,4,5,5,5
GIN,NLD,,,,,,,,,,,,,,,,,,9,9,37,60,83,123,189,,440,579,802,893,931,975,1023,1001,1038,1067
NIC,PER,,,,,,,,,,,,,,,,,,,4,4,,,4,,,,,,,,,,,,
AFG,RUS,,,,,,,,,,,,,,,,,,,,,,121,234,376,513,521,491,1493,1541,1488,1294,1202,1315,2365,2079
ARM,ZWE,,,,,,,,,,,,,,,,,,,,,,,,,,,1,1,1,4,,,,,
CYP,DEU,,,,,,,,,,,,,,,,,,,,,,,,,,,,2,3,,1,,,,1
PHL,CYP,,,,,,,,,,,,,,,,,,,,,,,,,,,,,,,,,,1,4
RUS,EST,,,,,,,,,,,,,,,,,,,,,,,,,,,,,1,1,,,2,3,4
SDN,BLZ,,,,,,,,,,,,,,,,,,,,,,,,,,2,,,,,,,,,
ALB,CAN,,,,,,,,,,,,,,,,,,,,228,239,202,215,382,,625,998,1186,1226,1273,1403,1327,2509,2496,2340
ERI,ESP,,,,,,,,,,,,,,,,,,,,,,,,,1,1,2,4,4,4,5,5,14,15,16
COG,ZWE,,,,,,,,,,,,,,,,,,,,,,,1,3,3,,4,6,6,40,,,32,28,32
MRT,DNK,,,,,,,,,,,,,,,,1,2,3,3,3,3,3,7,7,12,11,7,6,6,5,5,5,1,1,1
LBN,BGR,,,,,,,,,,,,,,,,,,,1,1,9,13,,4,4,8,25,22,22,27,23,23,26,27,27
TGO,CHE,,,,,,,,,,,,,,,,,,,,,,,,10,11,18,34,38,64,129,226,381,460,524,590
TUN,BGR,,,,,,,,,,,,,,,,,,,,,,3,,,,6,8,8,9,12,11,12,12,12,12
RWA,IRL,,,,,,,,,,,,,,,,,,,,,,,,,,11,21,35,33,36,76,82,88,88,82
CAF,CIV,,,,,,,,,,,,,,,,,,,6,6,,,1,,,,,20,28,6,6,19,12,16,15
MLI,ARG,,,,,,,,,,,,,,,,,,,5,9,,,,9,10,10,10,10,21,22,19,19,19,16,14
GBR,IRL,,,,,,,,,,,,,,,,,,,,,,,,,,,,,8,8,8,8,8,8,8
GIN,GNB,,,,,,,,,,,,,,,,,,,,,,,,,,,,,,,,,2,2,2
SLE,AUS,,,,,,,,,,,,,,,,,,,,,,,6,9,37,100,428,680,777,1422,1833,2103,32,30,32
TJK,ESP,,,,,,,,,,,,,,,,,,,,,,4,4,4,4,4,4,4,4,4,,,,,
SRB,ISL,,,,,,,,,,,,,,,,,,,,,,62,83,112,166,169,155,145,169,169,157,157,7,1,3
SVN,MLT,,,,,,,,,,,,,,,,,,,,,,,,,3,,,,,3,3,3,3,3,0
PHL,NOR,,,,,,,,,,,,,,,,,,,,,,,3,3,2,1,1,2,3,1,1,108,2,2,2
SYR,SVK,,,,,,,,,,,,,,,,,,,,,,,,,,2,2,,,,,,13,14,20
PHL,AUT,,,,,,,,,,,,,,,,,,,,,,,,,,,,,,2,,,2,5,5
NER,CHE,,,,,,,,,,,,,,,,,,,,,,,,1,1,1,1,1,2,1,4,7,8,13,10
KEN,MOZ,,,,,,,,,,,,,,,,,,,,3,,,,,,,,,,,,,,,
CMR,SWE,,,,,,,,,,,,,,,,,1,1,2,2,5,9,9,9,,11,10,14,16,24,29,23,37,42,49
LBN,DEU,,,,,,,,,,,,,,,,,,,,,,,,,,,,19035,18410,17302,15619,9336,9485,9650,12950
ARG,ESP,,,,,,,,,,,,,,,,,6,3,3,,,,,,434,434,434,434,434,434,434,434,434,434,0
SLV,PAN,,,,,,3000,1000,1450,1000,1000,800,780,900,978,830,820,375,409,391,328,287,247,240,241,242,283,277,271,271,269,269,269,269,269,269
UKR,SVK,,,,,,,,,,,,,,,,,,,,,,,,,,,,,,,12,12,13,16,16
BGD,HKG,,,,,,,,,,,,,,,,,,,,,,,,,,,,1,,,,2,1,,
FIN,CAN,,,,,,,,,,,,,,,,,,,,,,1,2,2,,1,1,,,,,,,,
DOM,NZL,,,,,,,,,,,,,,,,,,,,,,,,,,,,,2,2,2,2,2,2,2
IRN,IDN,,,,,,,,,,,,,,,,,,,,,,3,2,3,2,4,6,15,6,36,20,1,1,3,25
EST,IRL,,,,,,,,,,,,,,,,,,,,,,,,,,,,,10,12,12,12,12,12,12
BRN,IDN,,,,,,,,,,,,,,,,,,,,,,,,,,,,1,1,1,1,1,1,,
AGO,GMB,,,,,,,,,,,,,,,,,,,2,,,,,,,,,,,,,,,,
KOR,NOR,,,,,,,,,,,,,,,,,,,,,,,,,,,,1,1,1,1,1,1,1,1
LBN,FIN,,,,,,,,,,,,,,,,,,,,,,,,27,27,23,23,6,5,2,3,4,9,11,11
HTI,CHE,,,,,,,,,,,,,,,,,,,,,,,,,,4,5,4,,,,,,1,1
MDA,BGR,,,,,,,,,,,,,,,,,,,2,2,2,2,,,,,,,,,,,,,
ZAF,GHA,,,,,,,,,,,,,,,,,,,9,,,,,,,,,,,,,,,,
AFG,KWT,,,,,,,,,,400,400,,,,,,,,,10,16,23,21,52,52,92,45,78,78,78,78,,5,,
COL,CAN,,,,,,,,,,,,,,,,,,,,101,112,132,151,235,,1077,2339,4051,6689,9441,13511,17378,11843,13080,14300
TGO,ESP,,,,,,,,,,,,,,,,,,,,,,,1,2,3,3,3,4,4,4,4,5,4,3,3
ALB,DNK,,,,,,,,,,,,,,,,,3,3,3,3,3,3,4,6,8,8,4,11,11,36,36,44,45,51,55
TGO,NZL,,,,,,,,,,,,,,,,,,,,,,,,,,,,1,1,1,1,1,1,1,1
HUN,VEN,,,,,,,,,,,,,,,,,,,4,2,5,8,7,1,1,1,1,1,1,1,1,1,1,1,1
PAK,BGR,,,,,,,,,,,,,,,,,,,,4,4,6,,,,,,,,2,,1,1,1,1
MDA,CHE,,,,,,,,,,,,,,,,,,,,,,,,,5,5,6,4,4,7,11,12,11,7,10
BWA,ZWE,,,,,,,,,,,,,,,,,,,1,1,,,,,,,,,,,,,,,
SLV,GRC,,,,,,,,,,,,,,,,,,,1,1,,,,,,,,,,,,,,,
SDN,ROU,,,,,,,,,,,,,,,,,,,,,,,2,8,10,7,10,13,19,14,17,19,18,17,15
LBN,UKR,,,,,,,,,,,,,,,,,,,,,,17,21,22,,,2,2,2,2,4,4,4,4,4
SVK,CAN,,,,,,,,,,,,,,,,,,,,6,6,7,7,12,,8,13,16,17,19,12,11,31,35,35
IND,PAK,,,,,,,,,,,,,,,,,,,,,,,,,3,3,4,,,,,,,,
SRB,AUS,,,,,,,,,,,,,,,,,,,,,,18452,18362,18020,15574,12046,10225,9827,7250,5366,3826,2432,266,241,191
LBY,YEM,,,,,,,,,,,,,,,,,,,,,,,,,3,,3,3,1,1,1,1,1,1,0
CHN,FIN,,,,,,,,,,,,,,,,,,,,,,,,34,35,37,34,31,30,42,44,49,48,45,49
LBR,GIN,,,,,,,,,,,,,,,,325000,405355,324895,416064,398314,406658,415003,243036,183031,129096,117069,82792,119293,149639,127256,54810,21816,14489,11097,11120
SVK,USA,,,,,,,,,,,,,,,,,,,,,,15,24,32,39,36,,25,18,13,16,35,37,33,28
CAF,USA,,,,,,,,,,,,,,,,,,,,,,1,,3,8,7,,,65,96,167,200,165,186,213
AFG,AUT,,,,,,,,,,,,,,,,,,,,,,,,322,401,679,1049,1270,1595,2482,2991,3664,4191,5387,6401
IRQ,LVA,,,,,,,,,,,,,,,,,,,,,,,,,1,1,1,1,1,1,1,1,2,2,3
LBR,MDG,,,,,,,,,,,,,,,,,,,,,,,,,,,3,,,,,,,,
POL,AUT,,,,,,,,,,,,,,,,,,,,,,,,126,11,10,10,9,8,4,3,2,1,1,1
PAK,LKA,,,,,,,,,,,,,,,,,,,,,,,,,,,,,1,33,85,141,161,176,167
PAK,LVA,,,,,,,,,,,,,,,,,,,,,,,,,3,3,3,,3,3,3,3,3,3,3
AGO,PRT,,,,,,,,,,,,,,,,,,,,,,12,16,11,,16,19,19,20,20,15,15,11,11,9
PAK,ITA,,,,,,,,1,1,1,1,1,1,1,1,1,2,3,6,13,17,22,23,31,,47,56,61,60,60,109,189,409,555,920
KWT,ITA,,,,,,,,,,,,,,,,,,,,,,,,,,,,,,,,,3,3,3
SRB,NZL,,,,,,,,,,,,,,,,,,,,,,1,4,4,,388,387,384,384,1,5,5,5,5,5
UGA,NZL,,,,,,,,,,,,,,,,,,,,,,1,1,1,,1,,,2,2,8,8,,,
GHA,CAN,,,,,,,,,,,,,,,,,,,,973,754,535,323,281,,303,333,247,207,204,241,259,495,444,418
CIV,HUN,,,,,,,,,,,,,,,,,,,,,,,,,,,,,,2,5,6,16,14,18
IRQ,AZE,,,,,,,,,,,,,,,,,,,,,,6,13,6,7,19,30,43,29,24,19,3,29,55,37
SYR,FRA,,,,,,,,,,,,,,,,,,,,,,192,196,192,174,148,192,207,191,205,213,216,217,233,244
HRV,DEU,,,,,,,,,,,,,,,,,,,,,,,,,,,,3845,3812,2900,2784,1574,17747,16241,4100
ARM,LTU,,,,,,,,,,,,,,,,,,,,,,,,,,,,,,,,,,,2
TUR,SVK,,,,,,,,,,,,,,,,,,,,,,,,,,,,,,,,,,,1
BRA,DEU,,,,,,,,,,,,,,,,,,,,,,,,,,,,150,164,154,12,135,913,658,163
LVA,NLD,,,,,,,,,,,,,,,,,,,,4,5,6,10,10,,10,10,10,10,9,8,7,3,3,3
BGD,CAN,,,,,,,,,,,,,,,,,,,,1363,1639,1892,1941,1864,,2007,2185,1612,1235,1174,1352,1575,3214,2768,2445
LKA,KHM,,,,,,,,,,,,,,,,,,,,,,,1,3,4,3,3,7,6,2,1,2,4,4,5
ATG,DEU,,,,,,,,,,,,,,,,,,,,,,,,,,,,,,1,,1,1,1,1
NPL,DNK,,,,,,,,,,,,,,,,,,,,,,,,,,,,,,1,1,3,1,3,4
BDI,ROU,,,,,,,,,,,,,,,,,,,,,,,,,,1,1,1,1,1,1,1,1,1,1
SLV,SWE,,,,,,,,,,,,,,,,1856,2253,2395,2349,2104,1850,1596,1442,1153,910,638,238,95,88,28,22,28,29,29,32
ZAF,MEX,,,,,,,,,,,,,,,,,,,,,,,,,,,,,,,,,,,1
GHA,UKR,,,,,,,,,,,,,,,,,,,,,,,6,7,,,,,,,,,,,
BGR,ESP,,,,,,,,,,,,,,,,,2,1,4,3,3,3,3,3,3,3,3,3,1,1,1,1,1,1,1
CUB,DEU,,,,,,,,,,,,,,,,,,,,,,,,,,,,469,449,393,513,619,514,463,381
MWI,IRL,,,,,,,,,,,,,,,,,,,,,,,,,,,,1,2,4,4,4,4,4,4
SDN,GRC,,,,,,,,,,,,,,,,,,,54,54,,,,,,33,41,47,45,48,58,64,66,53,39
CPV,NAM,,,,,,,,,,,,,,,,,,,,,,1,1,,,,,,,,,,,,
SDN,GNB,,,,,,,,,,,,,,,,,,,2,,,,,,,,,,,,,,,,
ROU,CHL,,,,,,,,,,,,,,,,,,,5,5,,,,,,,,,,,,,,,
RUS,MDA,,,,,,,,,,,,,,,,,,,,,,,,,,51,136,154,92,41,28,30,29,32,31
ETH,ECU,,,,,,,,,,,,,,,,,,,,,,,,,,,,,,,,,1,1,3
HRV,SVN,,,,,,,,,,,,,,,,,,1660,679,,,,1,1,1,,,,,,,,,,
UKR,BIH,,,,,,,,,,,,,,,,,,,,,,,,,,,,,,1,,,,,
TUR,ESP,,,,,,,,,,,,,,,,,,,5,5,8,11,15,18,20,20,19,19,14,16,16,15,12,10,8
CMR,AUS,,,,,,,,,,,,,,,,,,,,,,,,,2,2,3,5,5,3,4,18,23,35,46
UGA,USA,,,,,,,,,,,,,,77,115,136,249,330,323,285,265,245,188,262,363,519,698,882,749,745,866,1430,1466,1442,1443
CAF,BEL,,,,,,,,,,,,,,,,,,,,,,,,2,,2,,1,12,1,2,5,5,15,19
BIH,USA,,,,,,,,,,,,,,,,,,,1887,9248,20452,31656,53082,82137,97504,106410,108803,92293,61834,39393,20446,114615,312,288,304
NGA,GRC,,,,,,,,,,,,,,,,,,,,,,,,,,11,13,21,20,21,26,39,43,40,35
TUN,GBR,,,,,,,,,,,,,,,,,,,,,,,,,,,,,6,7,17,18,19,20,21
BLR,ROU,,,,,,,,,,,,,,,,,,,,,,,,,,,,,,,,,1,1,1
GEO,TUR,,,,,,,,,,,,,,,,,,,,,,,,,,,,,,,,,,,1
SLE,CRI,,,,,,,,,,,,,,,,,,,,,,,,,,,,,,,,,2,2,2
JOR,IRQ,,,,,,,,,,,,,,,,,,,,,,,,,,,,,,,,,,74,0
MLI,FRA,,,,,,,,,,,,,,,,,,,,,,146,133,121,111,108,108,115,108,113,129,163,378,1049,2034
SEN,GNB,,,,,,,,,,,,,,,,,4631,12163,20577,23577,19288,15000,15297,5921,6243,6554,7332,7322,7317,7317,7320,7454,7488,7492,7492
NGA,HKG,,,,,,,,,,,,,,,,,,,,1,,,,,,,,3,,,,,,,
LKA,SAU,,,,,,,,,,,,100,,,,,,,,,,,,,,,,,,,,,,,
SYR,DEU,,,,,,,,,,,,,,,,,,,,,,,,,,,,14398,15745,16184,10469,5845,6996,8205,10217
MTQ,MAR,,,,,,,,,,,,,,,,,,,,,,1,1,,,,,,,,,,,,
GEO,BEL,,,,,,,,,,,,,,,,,,,,,,,,21,28,36,21,23,37,30,30,31,19,17,14
ETH,UGA,,70,500,500,200,1000,,,,,,80,110,,,,,,,,,30,25,42,190,208,35,60,70,116,99,128,249,581,891
AZE,SVK,,,,,,,,,,,,,,,,,,,,,,,,,,,,1,1,,,,,,
CYP,GBR,,,,,,,,,,,,,,11,11,11,,,,,,,,,,,,,,2,3,3,3,3,3
IRQ,BHR,,,,,,,,,,,,,,,,,,,,,,,,,1,,,,,,,,,48,139
AUT,FRA,,,,,,,,,,,,,,,,,,,,,,,,3,,,,,,,,,,,
POL,BEL,,,,,,,,,,,,,,,,,,,,,,4466,4466,21,1002,6,751,669,595,525,484,432,377,335,302
NER,IRL,,,,,,,,,,,,,,,,,,,,,,,,,,,,3,,,,4,7,8,8
CIV,MRT,,,,,,,,,,,,,,,,,,,,,,,,,,,4,2,9,22,97,168,274,295,330
ALB,NZL,,,,,,,,,,,,,,,,,,,,,,,,,,,2,2,2,2,2,,2,3,3
UZB,GBR,,,,,,,,,,,,,,,,,,,,,,,,,,,,,4,6,11,19,21,26,28
TJK,TUR,,,,,,,,,,,,,,,,,,,,,,,,,,,1,,,,,,,,
VEN,USA,,,,,,,,,,,,,,,,,,,,,,3,11,30,51,54,,189,318,984,2201,3186,3989,4718,5171
SYR,NOR,,,,,,,,,,,,,,,,,,,,,,,50,71,120,113,105,92,93,132,144,146,149,154,152
PAN,PER,,,,,,,,,,,,,,,,,,,,,,1,,,,,,,,,,,,,
IRQ,EST,,,,,,,,,,,,,,,,,,,,,,,,,,,,,,,,1,1,1,1
KOR,NLD,,,,,,,,,,,,,,,,,,,,,,,1,1,,2,4,5,5,5,9,9,8,8,8
ARM,DEU,,,,,,,,,,,,,,,,,,,,,,,,,,,,4718,4893,4856,3943,1874,2178,2527,3691
RWA,DJI,,,,,,,,,,,,,,,,,,,,,,4,14,14,14,14,14,,,,,,,,
UGA,BFA,,,,,,,,,,,,,,,,,,,1,,,,,,,,,,,,,,,,
NGA,NLD,,,,,,,,,,,,,,,,,,40,40,46,57,69,81,94,,126,127,117,129,141,165,193,202,202,205
PAK,PRT,,,,,,,,,,,,,,,,,,,,,,1,1,1,,1,1,1,1,1,,,,,
SLE,CUB,,,,,,,,,,,,,,,,,,,,,,,,,2,2,2,2,,,,,,,
MAR,CHE,,,,,,,,,,,,,,,,,,,,,,,,9,17,16,24,25,20,23,28,23,19,22,28
SOM,USA,,,,,,,,,,,,,,171,264,446,739,2416,5207,8784,13492,18201,22613,24419,27874,34005,33750,28693,25421,31110,34207,72546,12224,10154,7112
NPL,BEL,,,,,,,,,,,,,,,,,,,,,,,,2,,2,,,4,6,23,26,31,24,25
AGO,ETH,,,,,,,,,,,,,,,,,,,,,,6,6,6,6,3,4,4,4,4,,,,,
AZE,CHE,,,,,,,,,,,,,,,,,,,,,,,,,2,5,8,5,9,22,29,44,49,56,68
TCD,COD,,,,,,,,,,90,,,,,,,,,,,,,,,,,,,,,,,,,0
COG,KEN,,,,,,,,,,,,,,,,,,,,,,,,,,,,,,,,,,,25
IRN,HND,,,,,,,,,,,,,,,,,,,,,,,,,,,4,4,4,4,4,4,4,4,4
AGO,DNK,,,,,,,,,,,,,,,,,,,,,,,1,2,18,32,24,28,31,32,32,30,16,17,16
USA,ECU,,,,,,,,,,,,,,,,,,,,,,,,,,,,,,,,,2,2,3
TZA,SVK,,,,,,,,,,,,,,,,,,,,,,,,,,2,2,2,2,2,2,2,2,2,2
IRN,CHE,,,,,,,,,,,,,,,,,,,774,795,823,852,1098,854,1067,1070,1079,984,928,963,1034,1132,1150,2936,1255
PAK,USA,,,,,,,,,,,,,,63,86,97,103,179,304,500,1093,1687,2062,2356,2697,2668,2592,2721,2212,1975,2144,4211,4126,3936,3690
CHN,HUN,,,,,,,,,,,,,,,,,,,4,4,,,,,,2,2,2,4,5,11,19,20,18,19
ERI,BFA,,,,,,,,,,,,,,,,,,,,,,,,,5,5,5,5,5,5,5,,,,
HRV,CHL,,,,,,,,,,,,,,,,,,,3,3,3,3,3,3,3,3,3,3,3,3,3,3,3,3,
HRV,ECU,,,,,,,,,,,,,,,,,,,5,5,5,5,,,,1,1,1,1,2,2,2,,,
ECU,SWE,,,,,,,,,,,,,,,,3,27,38,38,48,48,48,51,51,,48,25,23,49,49,60,85,56,58,60
MEX,DEU,,,,,,,,,,,,,,,,,,,,,,,,,,,,13,11,9,1,24,193,159,32
TGO,ECU,,,,,,,,,,,,,,,,,,,,,,,,,,1,1,1,1,1,1,1,2,2,2
EGY,AUT,,,,,,,,,,,,,,,,,,,,,,,,18,21,23,21,19,21,29,31,30,33,32,36
DEU,NLD,,,,,,,,,,,,,,,,,,,,,,,,,,,2,2,2,2,3,3,3,3,3
UKR,MEX,,,,,,,,,,,,,,,,,,,,,,,,,6,6,6,6,,,,,,,
ECU,ROU,,,,,,,,,,,,,,,,,,,,,,,,,,,,,,,,,1,3,3
GEO,PRT,,,,,,,,,,,,,,,,,,,,,,,,,,,,,,,,,,,2
ERI,POL,,,,,,,,,,,,,,,,,,,,,,,,,,,,1,1,1,1,1,2,2,2
ROU,AUT,,,,,,,,,,,,,,,,,,,,,,,,4202,2375,2079,845,362,208,118,96,72,56,53,45
TGO,AUT,,,,,,,,,,,,,,,,,,,,,,,,8,9,10,10,12,13,14,23,24,26,23,28
BGR,ARG,,,,,,,,,,,,,,,,,,,,,,,,1,1,1,1,1,1,1,1,1,1,2,2
GTM,HND,,,,,,,1500,580,1000,1000,1000,1000,1000,1015,1030,399,,,,,,,,,,,,,,,,,,,
COD,NLD,,,,,,,,,,,,,,,,,,155,241,358,731,1104,1468,1612,,1851,1981,1979,1975,2097,2102,1751,1182,1152,1084
ECU,COG,,,,,,,,,,,,,,,,,,,,,,,,,,,,,,,,,,2,2
BIH,CYP,,,,,,,,,,,,,,,,,,,42,51,31,11,9,5,5,5,5,5,15,15,15,15,15,15,15
MMR,DEU,,,,,,,,,,,,,,,,,,,,,,,,,,,,368,420,453,331,487,607,729,756
CRI,ARG,,,,,,,,,,,,,,,,,,,,,,,,,,,,,,,,,,,6
ERI,HUN,,,,,,,,,,,,,,,,,,,,,,,,,,1,,,,3,3,3,3,3,3
GHA,TGO,,,,,,,,200,1470,1500,2500,2150,3390,3338,3314,3294,3242,3206,3158,12231,12258,12285,12285,11208,11208,11208,11208,11208,11208,10000,8000,5000,,8113,8073
EGY,NZL,,,,,,,,,,,,,,,,,,,,,,,,,,,,,,3,4,8,8,8,9
GNB,AGO,,,,,,,,,,,,,,,,,,,,,,,,,,,,,,1,1,1,1,1,2
COD,GHA,,,,,,,,,,,,,,,,,,,,,,,,1,7,12,13,14,,,,20,23,17,24
IRN,EGY,,,,,,,,,,,,,,,,,,,,,,2,3,,,,1,1,2,2,1,1,1,1,1
NER,MLI,,,,,,,,,,,,,,,,,,,,,,,,,,,,,,,,,,,2
SLE,GHA,,,,,,,,,,,,,,,,,,,,,,5,586,758,1694,2103,1998,4316,943,632,125,103,101,132,132
MLI,ECU,,,,,,,,,,,,,,,,,,,,,,,,,,,,,,,,,1,1,2
PER,USA,,,,,,,,,,,,,,3,26,53,73,185,425,871,1595,2319,2597,2742,3005,2623,2225,1994,1463,990,870,2594,2536,2311,1752
SLE,HND,,,,,,,,,,,,,,,,,,,,,,,,,,1,,,,,,,,,
MLI,MOZ,,,,,,,,,,,,,,,,,,,,1,,,,,,,,,,,,,,,
BGD,MEX,,,,,,,,,,,,,,,,,,,,,,,,,,,1,3,3,3,5,5,4,4,4
UGA,CHE,,,,,,,,,,,,,,,,,,,81,77,,,,53,46,42,41,40,37,36,35,33,32,33,30
BIH,KAZ,,,,,,,,,,,,,,,,,,,,3,,,,,,,,,,,,,,,
NIC,AUS,,,,,,,,,,,,,,,,,,,,,,21,15,15,14,14,,,,,,,,,
ARG,NLD,,,,,,,,,,,,,,,,,,5,5,5,5,5,5,5,,5,,,,1,1,1,1,1,1
LBR,BHS,,,,,,,,,,,,,,,,,,,,,,1,1,1,1,1,,,,,,,,,
SOM,LBY,,,,,,,,,,,,,,,,,,,804,980,2165,3350,2513,3013,2891,2891,2906,2899,2906,2938,2938,488,513,573,643
RWA,AUS,,,,,,,,,,,,,,,,,,,,,,16,17,10,13,11,11,23,60,144,192,317,9,11,15
SDN,AGO,,,,,,,,,,,,,,,,,,,,,,,,,3,3,4,4,35,35,36,14,31,41,135
CUB,FIN,,,,,,,,,,,,,,,,,,,,,,,,57,57,56,55,27,18,20,9,8,9,9,10
CIV,UKR,,,,,,,,,,,,,,,,,,,,,,,,,,,,,,,1,1,1,1,1
PRT,AUS,,,,,,,,,,,,,,,,,,,,,,9,9,5,4,1,,,,,,,,,
ECU,HND,,,,,,,,,,,,,,,,,,,,,,,,,,,,1,,,,,,,
ETH,RWA,,,,,,,,,,,,,,,,,,,,,,,11,2,2,,14,11,23,23,24,5,5,4,4
UGA,KOR,,,,,,,,,,,,,,,,,,,,,,,,,,,,,,1,1,1,1,1,10
COG,MDG,,,,,,,,,,,,,,,,,,,,,,,,,,2,6,,,,,,,,
AZE,CZE,,,,,,,,,,,,,,,,,,,,,,,,,,27,27,30,30,26,26,24,26,25,24
SDN,LVA,,,,,,,,,,,,,,,,,,,,,,,,1,1,1,1,1,1,,1,1,1,1,1
SWE,CAN,,,,,,,,,,,,,,,,,,,,11,24,37,39,39,,17,5,7,6,5,6,6,7,6,6
KHM,POL,,,,,,,,,,,,,,,,,,,,,,,,,,,,,,1,1,1,1,1,0
DJI,AUS,,,,,,,,,,,,,,,,,,,,,,5,5,,5,6,7,7,12,7,6,5,,,
LVA,URY,,,,,,,,,,,,,,,,,,,,4,3,2,4,4,2,2,2,3,5,5,5,5,5,5,5
IRN,LIE,,,,,,,,,,,,,,,,,,,,,,,,,,,,,,,,,2,2,2
RWA,TGO,,,,,,,,,,,,,,,,,,,17,37,114,191,236,388,671,770,770,791,809,840,809,819,821,806,239
CHL,NLD,,,,,,,,,,,,,,,,,,177,177,177,155,134,97,66,,37,22,2,2,2,1,3,2,2,2
ARM,IRL,,,,,,,,,,,,,,,,,,,,,,,,,,,5,16,11,17,28,32,40,42,43
LBR,PRT,,,,,,,,,,,,,,,,,,,,,,70,71,71,,70,64,63,39,39,22,4,3,3,3
AFG,TUR,,,,,,5000,,320,340,,,,,,,,,,,,,1448,15,21,26,44,106,103,83,64,76,75,212,347,1040
LBR,CAF,,,,,,,,,,,,,,,,,,,8,8,,,22,22,2,4,10,10,37,16,34,36,38,26,26
BGD,GBR,,,,,,,,,,,,,,4,4,8,13,28,28,25,25,25,30,30,,595,635,850,1257,1532,1688,1786,1921,2018,1856
UZB,LTU,,,,,,,,,,,,,,,,,,,,,,,,,,,,,,,,,8,10,11
ARM,PRT,,,,,,,,,,,,,,,,,,,,,,3,5,5,,5,5,5,5,5,5,2,,,0
UZB,ISL,,,,,,,,,,,,,,,,,,,,,,,,,,,,,,,,,,1,1
UGA,AGO,,,,,,,,,,,,,,,,,,,,,1,1,1,1,1,1,1,1,,1,2,,,,1
CMR,MAR,,,,,,,,,,,,,,,,,,,,,,,,,,3,3,4,4,4,2,5,5,4,6
AZE,URY,,,,,,,,,,,,,,,,,,,,1,1,1,,,,,,,,,,,,,
IRQ,USA,,,,,,,,,,,,,,1058,994,818,1367,4661,9305,14372,17494,20617,25384,22343,19398,19290,19077,12017,10523,8583,5993,19755,4336,4788,5427
MMR,DNK,,,,,,,,,,,,,,,,2,4,4,4,4,4,4,6,6,16,54,69,78,221,380,519,686,39,52,53
NGA,PHL,,,,,,,,,,,,,,,,,,,,,,1,1,1,1,1,1,1,1,,,,,1,0
SLE,ZAF,,,,,,,,,,,,,,,,,,,,,,,,,,1,41,52,52,53,52,52,52,52,52
LKA,ETH,,,,,,,,,,,,,,,,,,,,,,,1,1,1,1,,,,,,,,,
BOL,COL,,,,,,,,,,,,,,,,,,,,,,,,,,,,,,1,1,1,1,1,1
NGA,FRA,,,,,,,,,,,,,,,,,,,,,,122,131,149,148,154,163,181,195,249,366,471,532,606,658
IRN,CZE,,,,,,,,,,,,,,,,,,,,,,,23,23,21,21,31,31,34,36,35,31,30,31,32
RUS,SEN,,,,,,,,,,,,,,,,,,,,,,,1,,,,,,,,,,,,
KWT,USA,,,,,,,,,,,,,,,,,,20,20,20,61,103,90,107,120,88,66,74,55,68,67,120,90,71,69
CIV,ZWE,,,,,,,,,,,,,,,,,,,,,,,,,,,,,7,6,,,,,
MRT,FIN,,,,,,,,,,,,,,,,,,,,,,,,,,,,,,,,2,3,3,4
IND,CZE,,,,,,,,,,,,,,,,,,,,,,,,,,,,,,,,,,,2
DZA,CZE,,,,,,,,,,,,,,,,,,,,,,,,,,,1,1,1,1,1,1,1,1,1
ETH,QAT,,,,,,200,200,200,200,200,200,,,,,,,,,,,,,,,,,,,,,,,,
SDN,MYS,,,,,,,,,,,,,,,,,,,1,2,,,1,1,1,1,1,1,1,3,17,23,27,21,41
JOR,PHL,,,,,,,,,,,,,,,,,,,,,,,,,,,,,,,,1,1,1,0
MUS,SWE,,,,,,,,,,,,,,,,,,,,,,,,,,1,1,1,1,1,1,1,1,1,1
LKA,BGD,,,,,,,,,,,,,,,,,,,4,9,5,5,5,7,7,2,2,2,2,,,,,2,5
LBR,MLT,,,,,,,,,,,,,,,,,,,,1,1,2,2,1,,,,4,7,6,6,6,6,6,6
IDN,NOR,,,,,,,,,,,,,,,,,,,,,,,5,23,62,71,83,88,163,164,164,164,13,9,3
TKM,NLD,,,,,,,,,,,,,,,,,,,,,,1,2,2,,7,2,2,2,14,13,33,23,23,18
CYP,CHE,,,,,,,,,,,,,,,,,,,,,,,,,3,3,,,,,,,,,0
GRC,UGA,,,,,,,,,,,,,,,,,,,,,,,,,,,,,,,,,,1,1
KAZ,MLT,,,,,,,,,,,,,,,,,,,,,,,,,,,,,,,,,,,1
VNM,DNK,,,,,,,,,,,,,,,2285,1668,1151,662,730,730,661,592,612,182,1935,1293,574,327,273,251,175,143,114,88,69
TCD,FRA,,,,,,,,,,,,,,,,,,,,,,305,301,282,287,296,323,380,518,607,723,774,827,892,980
CMR,DZA,,,,,,,,,,,,,,,,,,,,,,,,,,5,8,6,5,5,7,9,10,3,6
ETH,CAN,,,,,,,,,,,,,,,,,,,,7786,5768,3750,2543,1724,,1635,2034,2244,2873,3549,3986,4753,1652,1732,1742
IRQ,TUN,,,,,,,,,,,,,,,,,,,,2,12,22,30,39,21,11,11,8,10,8,8,12,12,12,9
ERI,DJI,,,,,,,200,200,,,,,,,,,,,,,,,,,,,,6,6,86,83,64,88,150,293
SLE,TGO,,,,,,,,,,,,,,,,,,,,,,7,7,,,,10,10,10,10,10,10,10,10,
TZA,CAF,,,,,,,,,,,,,,,,,,,,,,,1,2,2,2,2,2,2,,2,2,2,2,2
IRN,SYR,,,,,,,,,,,,,,,,,,,50,50,36,23,46,50,83,47,23,18,9,16,29,131,170,169,158
ETH,RUS,,,,,,,,,,,,,,,,,,,,,,2,1,4,4,39,29,11,10,5,5,1,1,12,12
LKA,TGO,,,,,,,,,,,,,,,,,,,,,,,,,,,,,,,,,,8,4
TUN,NLD,,,,,,,,,,,,,,,,,,5,5,12,15,19,34,53,,63,68,72,74,79,87,83,67,49,46
ARE,GBR,,,,,,,,,,,,,,,,,,,,,,,,,,,,,,,,2,2,2,2
LBY,FIN,,,,,,,,,,,,,,,,,,,,,,,,11,14,19,21,19,23,25,27,28,23,24,25
VNM,NLD,,,,,,,,,,,,,,,,,,1467,1600,1606,1696,1787,1795,1797,,1111,654,362,233,239,120,68,53,50,48
HRV,USA,,,,,,,,,,,,,,,,,,,9,61,136,211,264,298,1949,4927,5892,6258,6296,4732,1753,6520,171,131,129
MLI,GBR,,,,,,,,,,,,,,,,,,,,,,,,,,,,,1,3,4,4,4,10,10
ETH,MOZ,,,,,,,,,,,,,,,,,,,,28,,,,,,,,,,3,,,,,
TCD,UGA,,,,,,,,,,,,,,,,,,,,,,,,,,3,,,,,,,,,1
BGR,BOL,,,,,,,,,,,,,,,,,,,,,,,3,4,,,,,,,,,,,
SDN,MOZ,,,,,,,,,,,,,,,,,,,,4,3,3,1,1,1,1,1,1,1,2,3,3,1,1,2
LBR,BRA,,,,,,,,,,,,,,,,,,,55,211,150,203,243,244,252,255,257,270,267,284,261,256,254,249,259
UKR,GRC,,,,,,,,,,,,,,,,,,,,,,,,,,,,,,3,3,3,3,3,3
TUN,CIV,,,,,,,,,,,,,,,,,,,,,,,,,,,,,1,1,1,2,,,
LKA,JOR,,,,,,,,,,,,,,,,,,,1,1,,,,,,,,,,,,,,1,1
SDN,BEL,,,,,,,,,,,,,,,,,,,,,,,,21,16,19,14,16,11,13,33,49,39,47,48
MMR,AUT,,,,,,,,,,,,,,,,,,,,,,,,,,,,,,,,,,6,6
ISR,IRL,,,,,,,,,,,,,,,,,,,,,,,,,,,,1,,4,25,25,26,26,26
CUB,DNK,,,,,,,,,,,,,,,2,2,2,2,3,3,3,3,4,4,18,17,12,12,12,8,7,5,4,2,1
IRN,BWA,,,,,,,,,,,,,,,,,,,1,,,,,,,,,,,,,,,,
LKA,HKG,,,,,,,,,,,,,,,,,,,1,1,,,1,1,1,2,11,13,6,4,8,16,19,29,19
RWA,ETH,,,,,,,,,,,,,,,,,,,,,,60,64,69,57,63,55,46,37,23,22,17,16,7,10
KGZ,AUT,,,,,,,,,,,,,,,,,,,,,,,,,,,15,17,20,25,56,87,103,156,194
ROU,CAN,,,,,,,,,,,,,,,,,,,,3085,2099,1113,817,642,,572,730,695,715,711,697,654,1286,1203,1088
GAB,CHE,,,,,,,,,,,,,,,,,,,,,,,,,,,1,1,,1,1,1,1,1,3
COM,ZAF,,,,,,,,,,,,,,,,,,,,,,,,,,,,1,,,,,,,
PER,FIN,,,,,,,,,,,,,,,,,,,,,,,,,,,,,4,4,4,4,4,4,4
KEN,IRL,,,,,,,,,,,,,,,,,,,,,,,,,,5,14,32,53,74,91,100,105,107,110
BTN,IRL,,,,,,,,,,,,,,,,,,,,,,,,,,,,3,3,3,5,8,10,12,12
SEN,ZAF,,,,,,,,,,,,,,,,,,,,,,,,,,,1,4,4,4,4,,1,1,1
LBY,DZA,,,,,,,,,,,,,,,,,,,,,,,,,,6,12,6,6,6,6,6,6,1,6
PAK,AFG,,,,,,,,,,,,,,,,,,,,,,,,,,,,,,1,,,,,
LBR,LBN,,,,,,,,,,,,,,,,,,,,,,,,,,,12,15,18,9,9,4,6,,
CZE,ESP,,,,,,,,,,,,,,,,,13,8,8,7,,,,,,,,,,,,,,,
COG,BEN,,,,,,,,,,,,,,,,,,,,,,,18,103,383,1238,1241,1243,1179,1140,1126,252,287,272,266
CAF,SWE,,,,,,,,,,,,,,,,,,,,,,,,,,,,,,8,18,29,,,
PER,ITA,,,,,,,,,,,,,,,,,,,2,3,4,5,5,5,,8,8,8,6,7,5,5,6,8,15
SLE,MOZ,,,,,,,,,,,,,,,,,,,,1,,,,,,,,,,1,1,1,1,1,1
MKD,DEU,,,,,,,,,,,,,,,,,,,,,,,,,,,,3186,3198,2971,6539,6014,5926,5729,6081
SDN,PRT,,,,,,,,,,,,,,,,,,,,,,,4,4,,4,5,5,5,5,5,6,2,2,2
PAK,THA,,,,,,,,,,,,,,,,,,,,,,,,,,,,,4,4,2,3,2,13,25
PAK,MDA,,,,,,,,,,,,,,,,,,,,,,,,,,,,,,,,,1,1,3
ARG,PAN,,,,,,,,,,,,,,,,,,,,,,,,1,1,1,,,,1,1,1,1,1,1
CMR,TGO,,,,,,,,,,,,,,,,,,,3,3,3,4,,,,,6,6,6,6,6,6,6,6,0
RWA,BEL,,,,,,,,,,,,,,,,,,,,,,1041,1041,1603,2100,2544,2094,1661,1591,1795,1929,1833,1350,1108,1046
MDG,HUN,,,,,,,,,,,,,,,,,,,,,,,,,,,1,1,1,1,1,1,1,1,1
DEU,SWE,,,,,,,,,,,,,,,,,4,4,8,8,8,8,8,8,,9,5,5,1,1,1,2,2,6,6
GUY,BEL,,,,,,,,,,,,,,,,,,,,,,,,1,1,,,,,,,,,,
EGY,GRC,,,,,,,,,,,,,,,,,,,5,5,,,,,,,2,2,2,2,1,2,2,3,3
CMR,BLR,,,,,,,,,,,,,,,,,,,,,,,,,,,1,1,,,,,,,
ARM,BGR,,,,,,,,,,,,,,,,,,,75,79,79,79,,,,,,,,7,10,17,20,25,30
NGA,ZMB,,,,,,,,,,,,,,,,,,,,,,,,,,,,,,,,,,4,4
PAK,HRV,,,,,,,,,,,,,,,,,,,,,,,,,,,,,,,,,,2,0
MMR,FIN,,,,,,,,,,,,,,,,,,,,,,,,,,94,101,103,106,107,180,388,13,13,14
HUN,BEL,,,,,,,,,,,,,,,,,,,,,,1264,1264,3,314,,259,221,196,169,147,133,127,112,103
GIN,CZE,,,,,,,,,,,,,,,,,,,,,,,,,,,1,1,1,1,5,6,7,7,6
MDG,DEU,,,,,,,,,,,,,,,,,,,,,,,,,,,,8,7,7,5,23,21,21,15
MKD,BRA,,,,,,,,,,,,,,,,,,,,,,,,5,4,,,,,,5,6,5,5,6
PAK,LTU,,,,,,,,,,,,,,,,,,,,,,,,,,,4,4,4,,,,2,2,2
ZWE,BWA,80,1100,4000,17760,22530,160,190,,3200,3760,4250,3150,3780,624,,1,120,,,,,,,,,3,4,26,23,24,87,87,96,808,860
BDI,CZE,,,,,,,,,,,,,,,,,,,,,,,,,,,,,,,,,1,1,1
CMR,IRL,,,,,,,,,,,,,,,,,,,,,,,,,,2,19,38,72,101,125,129,156,160,167
COG,ROU,,,,,,,,,,,,,,,,,,,,,,,,14,24,21,32,34,47,48,53,55,56,43,36
UZB,HUN,,,,,,,,,,,,,,,,,,,,,,,,,,,,,3,3,3,5,7,10,10
MOZ,UKR,,,,,,,,,,,,,,,,,,,,,,,,5,1,1,1,1,1,1,1,1,1,1,1
CHN,USA,,,,,,,,,,,,,,229,368,1025,1355,1606,1852,2111,2294,2477,3509,5418,7499,11148,17105,23696,21300,18957,26131,41007,45194,47277,51480
HND,ITA,,,,,,,,,,,,1,1,1,1,1,1,1,1,1,,,,,,,,,,,,,1,1,2
IND,KGZ,,,,,,,,,,,,,,,,,,,,,,,,,,,,,,4,,,,,
EST,NLD,,,,,,,,,,,,,,,,,,,,1,2,4,9,9,,9,9,9,9,8,8,5,,,
SYR,SWE,,,,,,,,,,,,,,,,1796,2679,3157,3216,3384,3312,3240,3165,3014,2420,2028,1268,970,1048,940,1032,1065,1081,1084,1118
ITA,CHE,,,,,,,,,,,,,,,,,,,,,,,,2,2,1,3,5,4,1,3,3,1,1,3
SOM,IRQ,,,,,,,,,,,,1000,,,,,,,,,,317,313,313,313,313,313,,,,,,2,,
URY,FRA,,,,,,,,,,,,,,,,,,,,,,4,,4,,,,,,,,,,,
NAM,NGA,,50,50,,,,,50,70,,120,120,120,130,100,70,50,,15,7,,,,,,,35,35,35,35,,,,,
KEN,NZL,,,,,,,,,,,,,,,,,,,,,,,,,,,,,,,,,,1,2
CMR,KEN,,,,,,,,,,,,,,,,,,,,,,,,,,,,,,,,,,,1
MDA,IRL,,,,,,,,,,,,,,,,,,,,,,,,,,1,18,79,139,177,190,199,212,221,227
KEN,CHL,,,,,,,,,,,,,,,,,,,,,,,,,,,,,,,,,,1,
MNE,BIH,,,,,,,,,,,,,,,,,,,,,,,,,,,,,,,,,1,1,1
ECU,DEU,,,,,,,,,,,,,,,,,,,,,,,,,,,,86,100,98,91,73,160,154,127
KEN,ZAF,,,,,,,,,,,,,,,,,,,,,,,,,,1,1,11,12,12,14,22,32,32,36
SYR,RUS,,,,,,,,,,,,,,,,,,,,,,,,,,,,,,,,,1,2,4
SVK,ETH,,,,,,,,,,,,,,,,,,,,,,,1,,,,,,,,,,,,
PAK,HKG,,,,,,,,,,,,,,,,,,,,,,,4,4,4,3,12,66,68,13,22,18,15,16,18
LBY,JOR,,,,,,,,,,,,,,,,,,,,,,2,2,3,4,1,1,1,1,1,1,1,1,2,0
SOM,FRA,,,,,,,,,,,,,,,,,,,,,,496,512,541,567,589,543,563,543,567,587,612,650,686,835
FJI,USA,,,,,,,,,,,,,,,,1,1,19,89,118,200,283,299,257,290,370,680,878,762,835,906,1207,1248,1281,1279
CMR,LUX,,,,,,,,,,,,,,,,,,,,,,,,,,,,,,,,,,,0
ERI,TUR,,,,,,,,,,,,,,,,,,,,,,,,,,,,1,3,1,4,12,15,26,41
CAF,HKG,,,,,,,,,,,,,,,,,,,,,,,1,,,,,,,,,,,,
CRI,USA,,,,,,,,,,,,,,,,,,,,,,1,2,2,2,1,,,1,9,10,14,15,15,16
ARM,CZE,,,,,,,,,,,,,,,,,,,,,,105,109,109,97,68,59,59,77,82,83,81,85,84,83
KGZ,SWE,,,,,,,,,,,,,,,,,,,,,,3,3,4,,7,7,27,32,50,100,102,135,138,146
BDI,ERI,,,,,,,,,,,,,,,,,,,,,,1,,,,,,,,,,,,,
HND,CUB,,,,,,,,,,,,,,,,,,,3,2,,,,,,,,,,,,,,,
KGZ,DEU,,,,,,,,,,,,,,,,,,,,,,,,,,,,2106,2242,2275,1961,868,1213,1370,1358
UZB,UKR,,,,,,,,,,,,,,,,,,,,,,,,,,1,1,1,1,1,1,2,3,10,15
PAN,MEX,,,,,,,,,,,,,,,,,,,26,26,,,12,,,,,,,,,,,,
LKA,VEN,,,,,,,,,,,,,,,,,,,3,,,,,,,,,,,,,,,,
MWI,DEU,,,,,,,,,,,,,,,,,,,,,,,,,,,,11,11,11,2,5,4,5,2
MAR,ISL,,,,,,,,,,,,,,,,,,,,,,,,,,,,,1,1,1,1,1,1,1
NPL,MEX,,,,,,,,,,,,,,,,,,,,,,,,,,,,,,,,3,3,5,5
SEN,PRT,,,,,,,,,,,,,,,,,,,,,,,,,,,,,,,,,,,1
CIV,CHN,,,,,,,,,,,,,,,,,,,,,,,,,,,,,,3,3,2,2,,
IRQ,KWT,,,,,,,,,,100,100,,,,,,20000,19879,20000,19990,10989,1988,1601,1743,1816,1200,304,419,417,418,422,49,30131,30193,175
BIH,AUT,,,,,,,,,,,,,,,,,,,,,,74131,69885,68087,66869,1398,1402,1255,726,581,231,200,171,205,206
NIC,ARG,,,,,,,,,,,,,,,,,,,,,,,,,,,8,8,8,6,6,6,6,2,2
ZWE,ITA,,,,,,,,,,,,,,,,,,,,,,,,,,,,,,,,,5,10,20
MOZ,ZAF,,,,,,,,,,,,,,,,,,,250000,90000,,,,,,,1,1,1,1,,,,,
GIN,BEN,,,,,,,,,,,,,,,,,,,,,,,,,,4,9,9,8,8,5,2,5,6,7
SDN,UZB,,,,,,,,,,,,,,,,,,,,,,,1,,,,,,,,,,,,
GIN,ETH,,,,,,,,,,,,,,,,,,,,,,,,,,,,,,,,,,1,0
LCA,DEU,,,,,,,,,,,,,,,,,,,,,,,,,,,,,,,1,7,6,5,0
BTN,BRA,,,,,,,,,,,,,,,,,,,,,,,,,,,,,,,,,,2,2
MMR,KHM,,,,,,,,,,,,,,,,,,,,,,,,,,1,,,,,,4,6,5,9
LBY,GHA,,,,,,,,,,,,,,,,,,,,,,,6,6,6,6,,,,,,,,,
TJK,SWE,,,,,,,,,,,,,,,,,,8,8,14,18,22,26,29,,36,42,44,47,45,42,41,54,52,48
ETH,AUT,,,,,,,,,,,,,,,,,,,,,,,,50,52,55,46,40,54,70,76,87,90,98,113
BDI,BEN,,,,,,,,,,,,,,,,,,,8,,11,29,38,59,95,111,132,134,132,118,110,46,37,35,33
IRQ,KEN,,,,,,,,,,,,,,,,,,,,,,,,,,,,,,,,,,,2
GTM,BOL,,,,,,,,,,,120,120,,,,,,,44,44,44,44,,,,,,,,,,,,,
AGO,BEL,,,,,,,,,,,,,,,,,,,,,,449,449,295,454,338,309,213,166,134,122,126,133,128,109
SDN,ZWE,,,,,,,,,,,,,,,,,,,22,26,49,73,107,151,149,34,97,105,123,201,,,40,11,27
LBY,CZE,,,,,,,,,,,,,,,,,,,,,,,,,,,,,,,,,,,2
TGO,CMR,,,,,,,,,,,,,,,,,,,,,,,,,,,,,,,5,17,17,17,20
SLE,PRY,,,,,,,,,,,,,,,,,,,,,,,,,,,,,1,1,1,1,1,1,1
GUY,CAN,,,,,,,,,,,,,,,,,,,,69,58,47,29,28,,22,36,39,49,129,311,407,537,569,591
IND,DEU,,,,,,,,,,,,,,,,,,,,,,,,,,,,2532,3158,3182,5947,2041,1849,1827,2879
HTI,BEL,,,,,,,,,,,,,,,,,,,,,,,,21,10,16,9,6,6,5,5,6,9,8,8
JPN,USA,,,,,,,,,,,,,,,,,,,,,,,,,,,,,3,4,4,9,9,9,11
ERI,AGO,,,,,,,,,,,,,,,,,,,,,,,,,,,,,,,1,4,4,4,5
IRN,CUB,,,,,,,,,,,,,,,,,,,,,,,,,,17,12,11,9,5,,,3,1,1
SYR,CUB,,,,,,,,,,,,,,,,,,,,,,,,,,6,,,,,,,,,
ROU,ZWE,,,,,,,,,,,,,,,,,,,1,1,,,,,,,,,,,,,,,
COL,AUS,,,,,,,,,,,,,,,,,,,,,,13,37,94,137,185,235,251,212,165,134,94,265,219,191
MDV,USA,,,,,,,,,,,,,,,,,,,,,,,,,,1,,,,,2,3,3,3,5
SYR,IND,,,,,,,,,,,,,,,,,,,,,,,,,,,,,,,,,4,,
NER,AUS,,,,,,,,,,,,,,,,,,,,,,,7,7,8,8,8,1,1,,,,2,2,1
CHL,GBR,,,,,,,,,,,,,,18,18,12,10,6,,,,,,,,,,,,,,,,,
CMR,NLD,,,,,,,,,,,,,,,,,,3,3,3,10,18,19,26,,35,47,82,103,128,156,189,204,207,215
ROU,VEN,,,,,,,,,,,,,,,,,,,1,,,,1,,,,,,,,,,,,
MNE,CHE,,,,,,,,,,,,,,,,,,,,,,,,,,,,,,,,1,5,16,23
BLR,DNK,,,,,,,,,,,,,,,,,,,,,,,1,13,24,25,23,26,34,39,39,38,39,37,30
TCD,SWE,,,,,,,,,,,,,,,,,5,12,13,14,14,14,14,15,,15,11,4,7,6,6,11,6,5,8
LKA,BLR,,,,,,,,,,,,,,,,,,,,13,,,,,,,,,,,,,,,
EGY,KOR,,,,,,,,,,,,,,,,,,,,,,1,,,,,,,,,,,,,
MWI,ITA,,,,,,,,,,,,,,,,,,,,,,,,,,,,,,,,,1,1,1
GIN,PRT,,,,,,,,,,,,,,,,,,,,,,2,2,2,,2,3,3,3,3,3,3,3,8,8
PHL,GRC,,,,,,,,,,,,,,,,,,,8,8,,,,,,,7,,,,,,,,
SLV,ESP,,,,,,,,,,,,,,,,,17,13,13,12,6,1,1,1,1,1,1,1,1,,,,,,
CMR,MDG,,,,,,,,,,,,,,,,,,,,,,,,,,,1,,,,,,,,
YEM,SYR,,,,,,,,,,,,,,,,,,,,,,250,622,695,728,748,662,143,93,85,85,85,53,54,18
COG,UKR,,,,,,,,,,,,,,,,,,,,,,23,108,121,125,109,120,120,115,96,92,89,85,44,27
LBR,IRL,,,,,,,,,,,,,,,,,,,,,,,,,,7,9,15,26,39,40,40,44,46,42
HTI,NOR,,,,,,,,,,,,,,,,,,,,,,,,,,,,,,,1,1,1,2,2
CAF,SDN,,,,,,,,,,,,,,,,,,,,,,,,,,,,,,,,,2500,245,1582
CUB,CYM,,,,,,,,,,,,,,,,,,,,,,,,,,,,,,,,,,,1
NGA,CYP,,,,,,,,,,,,,,,,,,,,,,,,,,,,,,,,,,1,3
MAR,GRC,,,,,,,,,,,,,,,,,,,,,,,,,,,2,4,4,4,4,4,4,4,3
ZWE,ETH,,,,,,,,,,,,,,,,,,,,,,,,,,,,,,,,,1,1,1
IDN,NZL,,,,,,,,,,,,,,,,,,,,,,,,,,,,3,3,3,3,8,,,406
ESH,DZA,20000,35000,50000,50000,50000,50000,165000,165000,165000,165000,165000,165000,165000,165000,165000,165000,165000,165000,165000,165000,165000,165000,165000,165000,165000,165000,165000,165000,165000,165000,90000,90000,90000,90000,90000
NGA,TUR,,,,,,,,,,,,,,,,,,,,,,,,,,,,,,,,,1,1,4
MYS,SWE,,,,,,,,,,,,,,,,,3,3,3,3,3,3,3,6,,9,6,7,7,13,13,13,11,8,5
ESP,TUN,,,,,,,,,,,,,,,,,,,,,,7,4,4,2,1,1,1,1,,,,,,
NPL,POL,,,,,,,,,,,,,,,,,,,,,,,,,,,,,,,2,3,3,3,5
RUS,NOR,,,,,,,,,,,,,,,,,,,,,,,34,40,78,104,245,457,1204,2249,2694,3034,3552,3790,3969
MRT,ARG,,,,,,,,,,,,,,,,,,,,1,,,,1,1,1,1,1,1,1,1,1,1,1,1
CAF,NOR,,,,,,,,,,,,,,,,,,,,,,,,,,,,,,,,,,1,1
LBR,DEU,,,,,,,,,,,,,,,,,,,,,,,,,,,,810,815,788,744,227,258,252,357
DZA,PAN,,,,,,,,,,,,,,,,,,,,,,,,,,1,,,,,,,,,
SDN,AUT,,,,,,,,,,,,,,,,,,,,,,,,20,24,29,33,42,58,79,108,135,151,163,171
UGA,ESP,,,,,,,,,,,,,,,,,,,,,,,,,,1,1,1,1,1,1,1,1,1,1
MRT,HUN,,,,,,,,,,,,,,,,,,,2,1,,,,,,,,,,2,1,1,1,1,1
VEN,AUS,,,,,,,,,,,,,,,,,,,,,,,,,,,,,,,,,,,7
UKR,BRA,,,,,,,,,,,,,,,,,,,,,,,,,,,,,,,,,,,1
RUS,GRC,,,,,,,,,,,,,,,,,,,10,10,,,,,,,23,9,9,9,16,18,18,18,18
ZWE,NLD,,,,,,,,,,,,,,,,,,1,1,1,,,,,,,,2,6,6,10,13,18,24,30
BGD,SOM,,,,,,,,,,,,,,,,,,,,,,,,,,,,,,,,,,3,3
MAR,HUN,,,,,,,,,,,,,,,,,,,,1,,,,,,,,,,2,2,2,3,2,2
GMB,CHE,,,,,,,,,,,,,,,,,,,,,,,,,,,,1,12,11,11,16,18,21,25
NPL,ISR,,,,,,,,,,,,,,,,,,,,,,,,,,,,,,,,,,,1
SUR,NLD,,,,,,,,,,,,,,,,,,855,855,868,801,734,645,453,,269,168,38,38,25,20,8,5,5,5
ARM,MDA,,,,,,,,,,,,,,,,,,,,,,,,,,,,,,3,4,23,26,27,21
SOM,TTO,,,,,,,,,,,,,,,,,,,,,,,,,,,,,,,,,,3,3
PRK,BEL,,,,,,,,,,,,,,,,,,,,,,,,,,,,,,,,,7,9,13
TUR,AUS,,,,,,,,,,,,,,,,,,,,,,216,299,403,603,655,597,662,585,399,355,257,428,372,246
DOM,ITA,,,,,,1,1,1,1,1,1,1,,,,,,,,,,,,,,,,,,,,,,,
MAR,UKR,,,,,,,,,,,,,,,,,,,,,,,,,2,,,,,,,,,,
ARM,ISL,,,,,,,,,,,,,,,,,,,,,,,,,,,,,,,,2,4,4,4
TCD,SYR,,,,,,,,,,,,,,,,,,,,,,,,,,,,,,2,2,2,1,1,1
COM,AUS,,,,,,,,,,,,,,,,,,,,,,1,1,1,,,,,,,,,,,
IRN,ITA,,,,,,48,83,210,607,1304,1695,2111,2452,2661,2770,2755,2730,2615,2227,1629,1271,914,619,436,7,457,538,575,585,523,524,553,580,617,694
DOM,USA,,,,,,,,,,,,,,,,,,,,,,2,3,5,5,4,,,13,17,18,22,27,29,33
ERI,AFG,,,,,,,,,,,,,,,,,,,,,,,,,,,,,,,,,,,1
MRT,DEU,,,,,,,,,,,,,,,,,,,,,,,,,,,,72,67,68,57,33,32,36,47
BDI,ITA,,,,,,2,2,2,2,2,2,1,1,,,,,,,5,14,24,37,37,,47,47,47,47,43,41,24,15,19,16
NER,NGA,,,,,,,,,,,,,,,,,,,,,,,,,,,,,,,,,,,1
BDI,TUN,,,,,,,,,,,,,,,,,,,,,,11,11,7,7,7,8,8,8,7,4,4,4,4,4
SYR,ISR,,,,,,,,,,,,,,,,,,,,,,,,5,4,4,,,,1,2,2,2,1,0
IRN,GTM,,,,,,,,,,,,,,,,,,,,,,3,,,,,,,,,,,,,
TGO,HKG,,,,,,,,,,,,,,,,,,,,,,,,,,,,,,,4,1,,,
BIH,JOR,,,,,,,,,,,,,,,,,,100,388,265,179,93,88,22,23,15,13,13,13,12,12,12,12,12,12
CMR,BWA,,,,,,,,,,,,,,,,,,,,,,,,,,,,,,,,1,1,,1
ETH,LBN,,,,,1100,1400,1000,1000,1000,1000,500,1500,,,,,,,,,,,,,,,7,3,3,3,,,15,19,16
TGO,USA,,,,,,,,,,,,,,,,,,,,,,180,263,363,544,1070,1407,1634,1790,1994,2173,3404,2437,2433,2419
ERI,NAM,,,,,,,,,,,,,,,,,,,,,,,,,,,,,,,,,,,1
MWI,NLD,,,,,,,,,,,,,,,,,,,,,,3,3,3,,3,4,4,4,4,1,1,1,1,1
MKD,ROU,,,,,,,,,,,,,,,,,,,,,,,,,,,1,1,1,1,1,1,1,1,1
HKG,CAN,,,,,,,,,,,,,,,,,,,,257,179,102,47,39,,10,4,2,,,,1,1,1,1
ARG,AUS,,,,,,,,,,,,,,,,,,,,,,,,,,,,,,,,,,,1
CMR,SVK,,,,,,,,,,,,,,,,,,,,,,,,,,,,3,3,,,,1,1,3
UGA,BHR,,,,,,,,,,,,,80,,,,,,,,,,,,,,,,,,,,,,
SOM,CHL,,,,,,,,,,,,,,,,,,,,,,,1,1,1,1,1,1,1,1,1,1,1,1,
MDA,AUT,,,,,,,,,,,,,,,,,,,,,,,,,,,4,5,5,19,32,55,80,111,121
KEN,CAF,,,,,,,,,,,,,,,,,,,3,2,,,2,2,2,2,2,2,,1,1,1,1,,
SLE,MEX,,,,,,,,,,,,,,,,,,,,,,,2,5,10,13,24,6,6,3,3,3,1,1,1
TKM,RUS,,,,,,,,,,,,,,,,,,,,,,2882,3107,1450,901,128,109,69,56,,,,2,5,12
LBR,SWZ,,,,,,,,,,,,,,,,,,,12,11,,,6,6,6,27,27,27,36,36,36,36,36,36,36
SDN,NGA,,,,,,,,,,,,,,,,,,,41,66,69,72,105,68,74,78,72,80,102,104,173,181,172,188,178
AFG,PNG,,,,,,,,,,,,,,,,,,,,,,,,,,,,,,,,,,,2
TUR,CYP,,,,,,,,,,,,,,,,,,,,,,,,1,1,1,1,1,19,32,52,59,76,98,119
ARM,PER,,,,,,,,,,,,,,,,,,,,1,,,1,,1,1,1,1,1,1,1,1,1,1,1
IND,SVK,,,,,,,,,,,,,,,,,,,,,,,,1,1,1,1,1,1,1,1,,,,
PAN,ECU,,,,,,,,,,,,,,,,,,,28,8,,,4,4,4,4,1,,,,,,2,2,2
LKA,NGA,,,,,,,,,,,150,160,160,60,,,,,22,21,,,20,20,,,24,24,24,24,12,13,13,13,16
PER,SWE,,,,,,,,,,,,,,,,191,379,487,675,1077,1142,1207,1343,1523,1492,1396,1239,1132,951,564,500,454,307,133,128
NER,BFA,,,,,,,,,,,,,,,,,,,269,,,,1,1,1,1,,,,,,,,,
CHL,AUT,,,,,,,,,,,,,,,,,,,,,,,,15,11,11,6,4,2,2,2,2,,,
ARM,MEX,,,,,,,,,,,,,,,,,,,,1,,,1,2,3,3,3,,,,1,1,,,
NGA,MYS,,,,,,,,,,,,,,,,,,,2,1,,,,1,1,1,1,2,1,1,1,1,2,1,2
GMB,PRT,,,,,,,,,,,,,,,,,,,,,,,,,,,,1,1,1,1,1,1,1,1
EGY,SOM,,,,,,,,,,,,,,,,,,,,,,,,,,,1,,,,,,,,
ETH,DZA,,,,,,,,,,,,,,,,,,,,,,,,,,,,,,,,,,,1
LAO,DEU,,,,,,,,,,,,,,,,,,,,,,,,,,,,403,421,315,246,151,173,171,173
TCD,EGY,,,,,,,,,,,,,,,,,,,1,,,5,5,,,,1,2,7,7,8,9,12,16,16
CHN,SGP,,,,,,,,,,,,,,,,,,,,,,,,,,,,,1,,2,,,2,2
MNG,ITA,,,,,,,,,,,,,,,,,,,,,,,,,,,,,,1,1,1,3,5,5
UZB,TUR,,,,,,,,,,,,,,,,,,,,,,,10,17,12,8,13,15,15,12,24,5,63,37,49
AFG,TCD,,,,,,,,,,,,,,,,,,,,,,,,,,,,,14,,,,,,
ISR,NZL,,,,,,,,,,,,,,,,,,,,,,,,,,,,,,1,2,2,4,4,4
HRV,DNK,,,,,,,,,,,,,,,,,,,7,7,7,7,13,19,119,122,92,102,95,85,16,13,13,13,7
COG,NZL,,,,,,,,,,,,,,,,,,,,,,,,1,,1,8,8,8,8,12,101,12,13,15
CZE,GBR,,,,,,,,,,,,,,102,96,73,41,24,14,,,,,,,20,25,85,115,120,120,120,120,120,120
TJK,DNK,,,,,,,,,,,,,,,,,,,,,,,6,6,7,7,6,6,6,6,6,6,1,1,0
KAZ,UKR,,,,,,,,,,,,,,,,,,,,,,,,19,11,16,17,17,17,3,3,8,5,5,7
POL,URY,,,,,,,,,,,,,,,,,,,4,,,,,,,,,,,,,,,,
HTI,CIV,,,,,,,,,,,,,,,,,,,1,1,,,,,,,,,,,,,,,
EST,AUS,,,,,,,,,,,,,,,,,,,,,,2,5,6,6,5,4,1,,,,,1,,0
VCT,CAN,,,,,,,,,,,,,,,,,,,,7,10,13,13,24,,48,67,81,105,181,279,386,644,748,847
ALB,POL,,,,,,,,,,,,,,,,,,,,,,,,,,,1,1,1,1,1,1,1,1,1
UGA,CRI,,,,,,,,,,,,,,,,,,,,,,,,,,,,,,,,,2,2,2
SAU,CHE,,,,,,,,,,,,,,,,,,,,,,,,1,1,1,,,,,,,,,0
JOR,PNG,,,,,,,,,,,,,,,,,,,,,,,,,,,,,,,1,1,1,1,1
JOR,BEL,,,,,,,,,,,,,,,,,,,,,,,,18,6,16,6,6,5,10,12,4,5,6,13
ZMB,SWE,,,,,,,,,,,,,,,,,,,,,,,,1,,1,1,1,2,2,2,2,2,1,1
IND,NZL,,,,,,,,,,,,,,,,,,,,,,12,12,12,,6,3,6,7,8,10,8,11,12,12
TUR,NZL,,,,,,,,,,,,,,,,,,,,,,4,4,4,,4,9,15,23,26,27,26,15,18,18
LVA,SWE,,,,,,,,,,,,,,,,,,4,4,7,11,15,15,15,,15,18,14,18,15,7,7,7,14,14
MLI,ROU,,,,,,,,,,,,,,,,,,,,,,,,1,1,,,,,,,,,,
KGZ,LVA,,,,,,,,,,,,,,,,,,,,,,,,,,,,,,,,,,,1
TCD,LBY,,,,,,,,,,,,,,,,,,,,,,,,,,,,,9,10,10,8,8,8,21
IRQ,MAR,,,,,,,,,,,,,,,,,,,,,,7,7,,,25,21,23,24,24,9,10,112,135,157
BEN,UKR,,,,,,,,,,,,,,,,,,,,,,,,,2,1,1,1,1,1,1,1,1,1,0
LKA,PNG,,,,,,,,,,,,,,,,,,,,,,,,,,,,,,,,,,,4
PAK,JPN,,,,,,,,,,,,,,,,,,,,,,,,2,2,2,5,9,14,14,13,13,13,12,12
CIV,ZAF,,,,,,,,,,,,,,,,,,,,,,,,,,,1,4,5,5,6,7,7,7,7
COG,RWA,,,,,,,,,,,,,,,,,,,,,,,,,4,,3,,,,,,,,
SOM,ITA,,,,,,34,34,38,39,39,40,32,22,64,544,583,660,716,10718,10720,10360,10000,10720,680,389,160,115,74,94,598,814,948,1701,5251,7747
DZA,KAZ,,,,,,,,,,,,,,,,,,,,,,,,,3,8,1,,,,,,,,
ERI,DNK,,,,,,,,,,,,,,,,,,,,,,,,,25,31,24,28,39,54,56,55,15,18,21
MRT,CAN,,,,,,,,,,,,,,,,,,,,16,20,24,24,28,,15,15,20,30,69,129,229,231,254,268
SYR,BEL,,,,,,,,,,,,,,,,,,,,,,238,238,105,116,102,47,31,19,80,115,100,114,152,177
LBR,UGA,,,,,,,,,,,,,,,,,,,,,,2,1,,,,,,6,8,1,1,,3,3
RWA,CAF,,,,,,,,,,,,,,,,,,,19,245,215,185,1449,436,440,462,401,238,251,241,269,276,242,291,329
ETH,GTM,,,,,,,,,,,,,,,,,,,,,,,,,,,2,2,2,,,,,,
SYR,EGY,,,,,,,,,,,,,,,,,,,3,5,,,2,,,,2,2,6,1,2,4,4,9,9
COL,ECU,,,,,,,50,,,,60,50,50,,,70,120,80,92,112,102,93,104,123,159,1374,1614,3122,6248,8270,9851,11526,264255,100637,115745
ERI,THA,,,,,,,,,,,,,,,,,,,,,,,,,,,,,1,1,,,,,
AZE,GEO,,,,,,,,,,,,,,,,,,,,,,,136,14,13,13,13,13,11,11,7,4,3,3,3
BLR,GBR,,,,,,,,,,,,,,,,,,,,,,,,,,,,,7,9,17,30,46,82,95
LBR,CIV,,,,,,,,,,,,,,,,271831,229900,173719,250863,359351,343319,327288,207014,148910,135649,117749,122846,43000,74180,70402,39919,25615,24146,24256,24033
HRV,CAN,,,,,,,,,,,,,,,,,,,,625,984,1485,2441,3502,,4426,4150,3258,2000,835,349,160,93,85,86
MNE,CAN,,,,,,,,,,,,,,,,,,,,,,,,,,,,,,,,,2,2,2
TTO,GBR,,,,,,,,,,,,,,,,,,,,,,,,,,,,,,1,1,1,1,2,4
PNG,SLB,,,,,,,,,,,,,,,,,,,,,,2000,800,210,,,,,,,,,,,
SOM,GMB,,,,,,,,,,,,,,,,,,,4,,,15,20,20,20,,4,7,8,8,8,8,8,4,0
AGO,KEN,,,,,,,,,,,,,,,,,,,,,,,,,,,,,2,,,,,,
GHA,AUT,,,,,,,,,,,,,,,,,,,,,,,,39,39,38,34,26,26,29,20,19,18,23,31
LBR,MRT,,,,,,,,,,,,,,,,,,,,,,,,9,,20,22,34,99,136,156,163,175,185,184
GHA,PRT,,,,,,,,,,,,,,,,,,,,,,3,3,3,,2,1,,,,,,,1,1
BDI,IND,,,,,,,,,,,,,,,,,,,,1,,,,,,,,,,,,,,,
PHL,SWE,,,,,,,,,,,,,,,,6,10,12,12,12,12,12,12,12,,7,3,6,6,15,31,31,37,37,37
IDN,FIN,,,,,,,,,,,,,,,,,,,,,,,,,,,,1,1,1,1,1,1,1,1
BDI,GRC,,,,,,,,,,,,,,,,,,,,,,,,,,,9,21,21,21,24,23,18,13,9
SOM,ARM,,,,,,,,,,,,,,,,,,,,,,,,,,2,2,2,,,,,,,
THA,GBR,,,,,,,,,,,,,,,,,,,,,,,,,,,,,,3,4,4,4,8,11
AFG,LBN,,,,,,,,,,,,100,,50,50,300,100,90,550,550,550,550,550,550,550,58,48,47,49,31,13,6,9,8,8
SRB,IND,,,,,,,,,,,,,,,,,,,4,4,4,5,2,2,8,5,4,4,1,1,1,,,,
MKD,ESP,,,,,,,,,,,,,,,,,,,2,2,2,2,2,2,2,2,2,2,,,,,,,
MRT,ISL,,,,,,,,,,,,,,,,,,,,,,,,,,,,,,,,,,,1
SLV,ARG,,,,,,,,,,,,,,,,,,,,,,,,1,1,1,1,,,,,,,,
SOM,UGA,,,,,,,,,,,,,,,,,200,2030,2300,2300,1473,646,1602,1753,1271,1236,819,879,892,1089,1811,3752,4573,6085,8172
CHN,IND,,,,,,,,,,,,,,,,,,80000,108001,108001,103000,98000,98000,98000,98001,92343,92344,92346,92349,94349,77200,77200,77200,100003,100003
KHM,DEU,,,,,,,,,,,,,,,,,,,,,,,,,,,,252,248,185,181,83,113,130,156
GIN,DZA,,,,,,,,,,,,,,,,,,,,,,,,,,35,9,,,,,,,,
IRN,TJK,,,,,,,,,,,,,,,,,,,,,,1,3,5,5,5,5,5,1,14,9,8,4,5,0
SAU,THA,,,,,,,,,,,,,,,,,,,,,,,,,,,,,,,,1,1,1,1
AFG,MDA,,,,,,,,,,,,,,,,,,,,,,,,,,2,7,5,5,5,8,12,12,10,9
URY,BEL,,,,,,,,,,,,,,,,,,,,,,,,,13,,,5,5,5,4,4,4,2,2
CZE,VEN,,,,,,,,,,,,,,,,,,,,,,,1,,,,,,,,,,,,
MAR,BEL,,,,,,,,,,,,,,,,,,,,,,,,21,20,21,15,10,8,8,7,8,9,9,14
TGO,SEN,,,,,,,,,,,,,,,,,,,2,,,19,3,,,,,,,,1,1,1,1,1
SDN,JOR,,,,,,,,,,,,,,,,,,,,6,11,16,12,12,29,18,6,3,38,4,3,10,23,44,191
NAM,AUS,,,,,,,,,,,,,,,,,,,,,,,,,,,,,,,7,7,,,
DOM,CRI,,,,,,,,,,,,,,,,,,,,,,,,,,,,,,,,,6,6,6
AGO,ARG,,,,,,,,,,,,,,,,,,,2,17,,,,6,9,11,11,11,13,13,13,15,15,15,14
SRB,LIE,,,,,,,,,,,,,,,,,,,,,,,,,,,7,21,36,36,37,252,256,62,62
COD,ISL,,,,,,,,,,,,,,,,,,,,,,,,,,1,1,1,1,1,1,1,1,1,1
HND,FRA,,,,,,,,,,,,,,,,,,,,,,2,,2,,,,,,,,59,59,,0
SVK,ISL,,,,,,,,,,,,,,,,,,,,,,,,,,,,,4,4,4,4,4,4,4
MEX,USA,,,,,,,,,,,,,,,,,,,,9,106,203,272,347,449,470,477,488,439,425,502,962,1083,1227,1384
ETH,SVN,,,,,,,,,,,,,,,,,,,,,,,,,,,1,1,1,1,1,1,1,1,1
IRQ,SRB,,,,,,,,,,,,,,,,,,,7,7,7,7,10,6,16,12,4,20,17,21,18,62,86,60,44
ZAF,BEL,,,,,,,,,,,,,,,,,,,,,,,,2,8,1,3,2,2,2,2,2,2,2,2
SOM,DZA,,,,,,,,,,,,,,,,,,,,,,,,,,14,8,4,4,4,4,4,4,4,5
ETH,CUB,,,,,,,,,,,,,,,,,,,,2,3,4,5,4,6,29,39,38,36,14,11,31,8,6,1
COD,CRI,,,,,,,,,,,,,,,,,,,,,,,,,,,,,,,,,3,3,3
COD,CAN,,,,,,,,,,,,,,,,,,,,1560,1564,1777,1892,2306,,3142,4033,4387,4706,5069,5124,5212,5997,5687,5284
SLV,ECU,,,,,,,,,,,,,,,,,,,5,5,,,,,,,,,,,,,5,5,5
KEN,ESP,,,,,,,,,,,,,,,,,,,,,,,4,4,4,4,4,4,4,4,4,4,,,
AGO,NZL,,,,,,,,,,,,,,,,,,,,,,,,,,,,1,1,1,2,2,2,2,2
TUR,IRQ,,,,,,,,,,,,,,,,,,,1380,12200,13593,14986,10858,11301,11193,12640,13136,13724,13135,13353,13332,16832,15553,15716,10125
TUN,ARE,,,,,,,,,,,,,,,,,,,,,,,,5,90,,,,,,,,,1,1
SVK,NLD,,,,,,,,,,,,,,,,,,,,6,17,29,38,38,,52,52,60,65,59,57,39,30,30,21
HTI,NLD,,,,,,,,,,,,,,,,,,2,2,2,3,4,4,4,,4,4,3,3,3,2,2,2,2,2
SLV,CAN,,,,,,,,,,,,,,,,,,,,11082,7333,3584,1720,800,,621,636,514,442,468,399,459,758,849,889
AFG,ESP,,,,,,,,,,,,,,,,,21,20,74,70,72,75,80,87,93,125,145,145,94,88,87,74,69,69,70
CIV,MEX,,,,,,,,,,,,,,,,,,,,,,,,,,,,,4,4,4,6,6,6,6
MDG,SVK,,,,,,,,,,,,,,,,,,,,,,,,,,1,1,1,1,1,1,,,,
GIN,DEU,,,,,,,,,,,,,,,,,,,,,,,,,,,,703,814,891,723,260,317,404,572
BIH,DEU,,,,,,,,,,,,,,,,,,,,350000,340000,330000,245000,100000,50000,,24000,40531,38688,30083,9223,28098,26261,24697,24947
TCD,ZAF,,,,,,,,,,,,,,,,,,,,,,,,,,,,1,,,,,,,
CMR,GBR,,,,,,,,,,,,,,,,,,,,,,,5,25,,25,25,175,241,511,656,731,829,829,871
SYR,CAN,,,,,,,,,,,,,,,,,,,,415,377,340,324,333,,390,427,432,424,459,397,415,624,603,577
RUS,ESP,,,,,,,,,,,,,,,,,,,12,15,22,30,32,58,110,214,296,338,400,443,483,492,508,507,464
SOM,CZE,,,,,,,,,,,,,,,,,,,,,,,7,7,7,7,7,1,1,1,1,8,18,19,27
SOM,LUX,,,,,,,,,,,,,,,,,,,,,,,,,,,,,,,,,,,0
GRD,USA,,,,,,,,,,,,,,,,,,,,,,1,1,1,1,1,,,1,1,1,1,2,5,8
IDN,SWE,,,,,,,,,,,,,,,,38,25,10,10,7,,,4,4,,4,4,6,6,10,11,11,5,5,6
HRV,CZE,,,,,,,,,,,,,,,,,,,,,,,,,,,3,3,3,3,3,3,3,3,3
BOL,AUT,,,,,,,,,,,,,,,,,,,,,,,,,,,,2,6,6,6,6,6,6,6
GUY,GBR,,,,,,,,,,,,,,2,2,2,1,1,1,,,,,,,,,,1,4,4,5,5,5,5
AUT,AUT,,,,,,,,,,,,,,,,,,,,,,,,,,1,1,1,1,,,1,1,,
COG,BOL,,,,,,,,,,,,,,,,,,,,,,,,,,,,,,,,1,1,1,1
COG,GIN,,,,,,,,,,,,,,,,,,,,,,,,1,1,6,7,1,1,2,1,11,12,12,12
LAO,KAZ,,,,,,,,,,,,,,,,,,,,,,,3,,,,,,,,,,,,
NIC,BLZ,,,,,,,,,,,,,,,50,,,,309,310,309,304,303,134,125,105,100,95,70,68,64,44,26,13,5
MAR,BWA,,,,,,,,,,,,,,,,,,,,,,,,,,,,,,,1,1,1,,
SRB,PAN,,,,,,,,,,,,,,,,,,,,,,,,,,,,,,1,2,2,2,,
CUB,AUS,,,,,,,,,,,,,,,,,,,,,,1,1,1,1,,,6,7,7,8,8,5,5,6
CHN,ROU,,,,,,,,,,,,,,,,,,,,,,,,,,,,,,1,1,2,2,3,4
GMB,ISL,,,,,,,,,,,,,,,,,,,,,,,1,1,1,1,1,1,1,1,,,,,
GNQ,NGA,,,,,,,,,,,,,,,,,,,,,,,,,,,12,12,12,12,4,4,4,4,4
ETH,JOR,,,,80,120,60,80,100,100,250,250,,,,130,130,80,,,,,,,1,2,2,,,3,3,,,,,
BIH,GHA,,,,,,,,,,,,,,,,,,,,,,,,,,1,,,,,,,,,
SWE,AUS,,,,,,,,,,,,,,,,,,,,,,,,,,,,,,,,,,,1
MLI,SWE,,,,,,,,,,,,,,,,1,4,4,4,7,7,8,8,8,,7,4,4,4,1,2,2,2,2,5
ZMB,NAM,,,,,,,,,,,,,,,,,,,,,,,,,1,,,,,,,,,,
BIH,ZAF,,,,,,,,,,,,,,,,,,,,,,,,,,16,24,24,27,27,27,27,27,27,27
CIV,CHE,,,,,,,,,,,,,,,,,,,,,,,,,,1,2,2,6,31,51,77,85,104,114
MMR,SWE,,,,,,,,,,,,,,,,,5,9,25,39,40,41,41,42,,43,38,35,31,156,569,867,39,40,46
NPL,MDA,,,,,,,,,,,,,,,,,,,,,,,,,,,,,,,,,,,1
LAO,CAN,,,,,,,,,,,,,,,,,,,,1620,855,91,34,33,,7,2,1,,3,4,4,4,5,5
GEO,GBR,,,,,,,,,,,,,,,,,,,,,,,,,,,,,18,31,35,37,38,41,43
LBR,EGY,,,,,,,,,,,,,,,,,,,,21,39,58,56,55,55,42,43,49,25,18,15,7,8,6,6
UKR,SWE,,,,,,,,,,,,,,,,,,14,43,109,133,157,165,179,,203,236,229,218,179,172,165,172,162,163
IRN,AZE,,,,,,,,,,,,,,,,,,,,,,3,16,9,11,25,11,23,38,47,55,71,90,97,113
CHN,PRT,,,,,,,,,,,,,,,,,,,,,,2,2,2,,2,1,1,,,,,,,
CAF,TUN,,,,,,,,,,,,,,,,,,,,,,,,,,,,,,,,,,,1
HTI,BHS,,,,,,,,,,,,,,,,,,374,59,,,,,,,,,,,,,,,,
SYR,AZE,,,,,,,,,,,,,,,,,,,,,,,,,,1,1,1,1,2,1,1,1,,0
COG,BEL,,,,,,,,,,,,,,,,,,,,,,,,21,367,48,66,54,44,44,38,55,41,36,34
BDI,CIV,,,,,,,,,,,,,,,,,,,8,13,26,40,23,77,87,97,99,97,101,95,84,92,38,36,33
GTM,BRA,,,,,,,,,,,,,,,,,,,,,,,,,,,,,,,,,2,2,2
BOL,NLD,,,,,,,,,,,,,,,,,,5,5,5,5,5,5,3,,,,,,,,,,,
DJI,SWE,,,,,,,,,,,,,,,,,,,1,1,1,2,7,9,,10,10,10,9,9,9,8,3,1,1
MUS,CAN,,,,,,,,,,,,,,,,,,,,1,1,1,,,,,,1,1,4,5,6,6,6,7
